id,name,season,program,program_abbreviation,event_status,event_status_display,status_v2,capacity,total_registered,start_time,end_time,timezone,is_complete,venue_id,venue_city,venue_name,venue_address,description,website_uri
1,2023 Stratford Preparatory School,2023 - MASTERPIECE (Challenge),FIRST LEGO League: Challenge,fll_challenge,closed,Closed,complete,18,18,2023-11-04T08:00:00-07:00,2023-11-04T18:00:00-07:00,America/Los_Angeles,True,,San Jose,Stratford Prep School,,,/en/event/1/
2,2023 Piedmont Middle School,2023 - MASTERPIECE (Challenge),FIRST LEGO League: Challenge,fll_challenge,closed,Closed,complete,18,18,2023-11-05T08:00:00-08:00,2023-11-05T18:00:00-08:00,America/Los_Angeles,True,,Piedmont,Piedmont Middle School,,,/en/event/2/
3,2023 Santa Teresa High School,2023 - MASTERPIECE (Challenge),FIRST LEGO League: Challenge,fll_challenge,closed,Closed,complete,24,24,2023-11-05T08:00:00-08:00,2023-11-05T18:00:00-08:00,America/Los_Angeles,True,,San Jose,Santa Teresa High School,,,/en/event/3/
4,2023 The Nueva School,2023 - MASTERPIECE (Challenge),FIRST LEGO League: Challenge,fll_challenge,closed,Closed,complete,18,17,2023-11-05T08:00:00-08:00,2023-11-05T18:00:00-08:00,America/Los_Angeles,True,,San Mateo,"The Nueva School, San Mateo",,,/en/event/4/
5,2023 Google Sunnyvale,2023 - MASTERPIECE (Challenge),FIRST LEGO League: Challenge,fll_challenge,closed,Closed,complete,18,18,2023-11-12T08:00:00-08:00,2023-11-12T18:00:00-08:00,America/Los_Angeles,True,,Sunnyvale,Google Sunnyvale,,,/en/event/5/
6,2023 San Francisco Day School,2023 - MASTERPIECE (Challenge),FIRST LEGO League: Challenge,fll_challenge,closed,Closed,complete,12,12,2023-11-11T08:00:00-08:00,2023-11-11T18:00:00-08:00,America/Los_Angeles,True,,San Francisco,San Francisco Day School,,,/en/event/6/
7,2023 Lowell High School,2023 - MASTERPIECE (Challenge),FIRST LEGO League: Challenge,fll_challenge,closed,Closed,complete,18,18,2023-11-18T08:00:00-08:00,2023-11-19T18:00:00-08:00,America/Los_Angeles,True,,San Francisco,Lowell High School,,,/en/event/7/
8,2023 Beyer High School,2023 - MASTERPIECE (Challenge),FIRST LEGO League: Challenge,fll_challenge,closed,Closed,complete,18,18,2023-11-18T08:00:00-08:00,2023-11-18T18:00:00-08:00,America/Los_Angeles,True,,Modesto,Beyer High School,,,/en/event/8/
9,2023 Leland High School,2023 - MASTERPIECE (Challenge),FIRST LEGO League: Challenge,fll_challenge,closed,Closed,complete,24,24,2023-11-18T08:00:00-08:00,2023-11-18T18:00:00-08:00,America/Los_Angeles,True,,San Jose,Leland Alternative entrance,,"IMPORTANT:    Leland main entrance is closed due to a Turkey Trot run. You must enter via Via Valente.   You can put in 950 Via Valente San Jose in your maps program to enter near the tennis courts.

-----",/en/event/9/
10,2023 Mountain View High School,2023 - MASTERPIECE (Challenge),FIRST LEGO League: Challenge,fll_challenge,closed,Closed,complete,18,18,2023-11-18T08:00:00-08:00,2023-11-18T18:00:00-08:00,America/Los_Angeles,True,,Mountain View,Mountain View High School,,,/en/event/10/
11,2023 Basis Independent Fremont School,2023 - MASTERPIECE (Challenge),FIRST LEGO League: Challenge,fll_challenge,closed,Closed,complete,18,18,2023-11-19T08:00:00-08:00,2023-11-19T18:00:00-08:00,America/Los_Angeles,True,,Fremont,BASIS Independent Fremont - Lower School,,,/en/event/11/
12,2023 Gunn High School,2023 - MASTERPIECE (Challenge),FIRST LEGO League: Challenge,fll_challenge,closed,Closed,complete,24,24,2023-11-12T08:00:00-08:00,2023-11-12T18:00:00-08:00,America/Los_Angeles,True,,Palo Alto,Gunn High School,,,/en/event/12/
14,2023 Fremont High School,2023 - MASTERPIECE (Challenge),FIRST LEGO League: Challenge,fll_challenge,closed,Closed,complete,24,24,2023-11-04T08:00:00-07:00,2023-11-04T18:00:00-07:00,America/Los_Angeles,True,,Sunnyvale,Fremont High School,,,/en/event/14/
15,2023 Presentation High School,2023 - MASTERPIECE (Challenge),FIRST LEGO League: Challenge,fll_challenge,closed,Closed,complete,18,18,2023-11-11T08:00:00-08:00,2023-11-11T18:00:00-08:00,America/Los_Angeles,True,,San Jose,Presentation High School,,,/en/event/15/
16,2023 Pleasant Grove High School,2023 - MASTERPIECE (Challenge),FIRST LEGO League: Challenge,fll_challenge,closed,Closed,complete,24,24,2023-11-12T08:00:00-08:00,2023-11-12T18:00:00-08:00,America/Los_Angeles,True,,Elk Grove,Pleasant Grove High School,,,/en/event/16/
17,2023 The Play Space #1,2023 - MASTERPIECE (Challenge),FIRST LEGO League: Challenge,fll_challenge,closed,Closed,complete,12,12,2023-11-18T08:00:00-08:00,2023-11-18T18:00:00-08:00,America/Los_Angeles,True,,San Jose,The Play Space,,,/en/event/17/
18,2023 Quarry Lane,2023 - MASTERPIECE (Challenge),FIRST LEGO League: Challenge,fll_challenge,closed,Closed,complete,12,12,2023-11-19T08:00:00-08:00,2023-11-19T18:00:00-08:00,America/Los_Angeles,True,,Dublin,Quarry Lane  - West Campus,,,/en/event/18/
21,2023 The Play Space #2,2023 - MASTERPIECE (Challenge),FIRST LEGO League: Challenge,fll_challenge,closed,Closed,complete,12,12,2023-11-19T08:00:00-08:00,2023-11-19T18:00:00-08:00,America/Los_Angeles,True,,San Jose,The Play Space,,,/en/event/21/
22,2024 SF / East Bay / Capital District Championship,2023 - MASTERPIECE (Challenge),FIRST LEGO League: Challenge,fll_challenge,closed,Closed,complete,36,36,2024-02-04T07:30:00-08:00,2024-02-04T18:00:00-08:00,America/Los_Angeles,True,,Elk Grove,Pleasant Grove High School,,,/en/event/22/
23,2024 Peninsula District Championship,2023 - MASTERPIECE (Challenge),FIRST LEGO League: Challenge,fll_challenge,closed,Closed,complete,36,36,2024-03-31T07:30:00-07:00,2024-03-31T18:30:00-07:00,America/Los_Angeles,True,,Palo Alto,Palo Alto High School,,Location and Date confirmed,/en/event/23/
24,2024 SJ/Fremont Championship,2023 - MASTERPIECE (Challenge),FIRST LEGO League: Challenge,fll_challenge,closed,Closed,complete,42,42,2024-03-17T07:30:00-07:00,2024-03-17T18:00:00-07:00,America/Los_Angeles,True,,San Jose,Independence High School,,Location and Date now confirmed,/en/event/24/
25,2023 NorCal FLL-E Festival - San Jose,2023 - MASTERPIECE (Explore),FIRST LEGO League: Explore,fll_explore,closed,Closed,complete,6,6,2023-12-16T12:30:00-08:00,2023-12-16T17:30:00-08:00,America/Los_Angeles,True,,San Jose,Stratford Prep School,,"event at Stratford Prep - held in conjunction with the FTC Qualifier

Likely will be in Multi-Use Room close to Gym",/en/event/25/
26,2024 NorCal FLL-E Festival - Santa Clara,2023 - MASTERPIECE (Explore),FIRST LEGO League: Explore,fll_explore,canceled,Canceled,canceled,12,0,2024-01-13T12:30:00-08:00,2024-01-13T17:30:00-08:00,America/Los_Angeles,True,,Santa Clara,Wilcox High School,,"event at  Wilcox High School - held in conjunction with the FTC Qualifier

Team check-in and pits will be in Science Wing
Lunch will be served at noon  (Before Team Check-in) and must be pre-ordered/ pre-paid",/en/event/26/
27,2024 NorCal FLL-E Festival - East Palo Alto,2023 - MASTERPIECE (Explore),FIRST LEGO League: Explore,fll_explore,closed,Closed,complete,12,12,2024-01-20T13:00:00-08:00,2024-01-20T18:00:00-08:00,America/Los_Angeles,True,,East Palo Alto,Bloomhouse,,event at Bloomhouse,/en/event/27/
28,2024 NorCal FLL-E Festival - Saratoga,2023 - MASTERPIECE (Explore),FIRST LEGO League: Explore,fll_explore,closed,Closed,complete,8,7,2024-01-28T12:30:00-08:00,2024-01-28T16:00:00-08:00,America/Los_Angeles,True,,Saratoga,Saratoga HS,,Event at Saratoga HS - held in conjunction with the FTC Qualifier,/en/event/28/
29,2024 NorCal FLL-C:  Spring League in San Francisco,2023 - MASTERPIECE (Challenge),FIRST LEGO League: Challenge,fll_challenge,closed,Closed,complete,18,17,2024-03-17T08:00:00-07:00,2024-03-17T18:00:00-07:00,America/Los_Angeles,True,,San Francisco,Jewish Community High School,,,/en/event/29/
30,2024 NorCal FLL-C:  Spring League in Santa Clara,2023 - MASTERPIECE (Challenge),FIRST LEGO League: Challenge,fll_challenge,closed,Closed,complete,18,18,2024-04-13T08:00:00-07:00,2024-04-13T18:00:00-07:00,America/Los_Angeles,True,,Santa Clara,Cabrillo Middle School,,NEW DATE!,/en/event/30/
31,2024 NorCal FLL-E Festival - Santa Cruz 1 - CANCELED,2023 - MASTERPIECE (Explore),FIRST LEGO League: Explore,fll_explore,canceled,Canceled,canceled,8,0,2024-02-24T08:30:00-08:00,2024-02-24T12:30:00-08:00,America/Los_Angeles,True,,Santa Cruz,Dream Inn,,Morning event at the Dream Inn in Santa Cruz,/en/event/31/
33,2024 NorCal FLL-E Festival - Oakland,2023 - MASTERPIECE (Explore),FIRST LEGO League: Explore,fll_explore,closed,Closed,complete,9,9,2024-02-10T13:30:00-08:00,2024-02-10T17:30:00-08:00,America/Los_Angeles,True,,Oakland,Circuit Launch,,Event held at Circuit Launch in Oakland,/en/event/33/
34,2024 NorCal FLL-C:  Spring League in San Jose,2023 - MASTERPIECE (Challenge),FIRST LEGO League: Challenge,fll_challenge,closed,Closed,complete,10,10,2024-03-02T08:00:00-08:00,2024-03-02T17:30:00-08:00,America/Los_Angeles,True,,San Jose,The Play Space,,,/en/event/34/
35,2024 NorCal FLL-C:  Spring League in Fremont,2023 - MASTERPIECE (Challenge),FIRST LEGO League: Challenge,fll_challenge,closed,Closed,complete,18,17,2024-03-30T08:00:00-07:00,2024-03-30T18:00:00-07:00,America/Los_Angeles,True,,Fremont,BASIS Independent Fremont - Lower School,,,/en/event/35/
36,2024 NorCal FLL-E Festival - Sunnyvale,2023 - MASTERPIECE (Explore),FIRST LEGO League: Explore,fll_explore,closed,Closed,complete,8,8,2024-03-23T08:45:00-07:00,2024-03-23T12:15:00-07:00,America/Los_Angeles,True,,Sunnyvale,Intuitive Surgical,,Event held at Intuitive Surgical,/en/event/36/
37,2024 NorCal FLL-E Festival - Fremont,2023 - MASTERPIECE (Explore),FIRST LEGO League: Explore,fll_explore,closed,Closed,complete,12,12,2024-04-28T12:45:00-07:00,2024-04-28T16:15:00-07:00,America/Los_Angeles,True,,Fremont,BASIS Independent Fremont - Lower School,,Event at Basis Independent School.,/en/event/37/
38,2024 NorCal FLL-E Festival - Santa Cruz 2,2023 - MASTERPIECE (Explore),FIRST LEGO League: Explore,fll_explore,closed,Closed,complete,9,9,2024-05-12T13:15:00-07:00,2024-05-12T17:30:00-07:00,America/Los_Angeles,True,,Santa Cruz,Dream Inn,,"Updated date.

Event held at Dream Inn.",/en/event/38/
39,2024 NorCal FLL-E Festival - Roseville,2023 - MASTERPIECE (Explore),FIRST LEGO League: Explore,fll_explore,closed,Closed,complete,12,12,2024-04-13T12:45:00-07:00,2024-04-13T16:15:00-07:00,America/Los_Angeles,True,,Roseville,Hewlett Packard Enterprise Roseville,,Event held at HPE Roseville,/en/event/39/
40,2024 NorCal FLL-C:  Spring League in San Jose #2,2023 - MASTERPIECE (Challenge),FIRST LEGO League: Challenge,fll_challenge,canceled,Canceled,canceled,10,0,2024-04-20T08:00:00-07:00,2024-04-20T17:30:00-07:00,America/Los_Angeles,True,,San Jose,The Play Space,,,/en/event/40/
41,2024 NorCal FLL-E Festival - Santa Cruz 1,2023 - MASTERPIECE (Explore),FIRST LEGO League: Explore,fll_explore,closed,Closed,complete,8,8,2024-05-12T08:45:00-07:00,2024-05-12T12:15:00-07:00,America/Los_Angeles,True,,Santa Cruz,Dream Inn,,Morning event held at Dream Inn.,/en/event/41/
42,2024 NorCal FLL-C:  Tournament 1,2023 - MASTERPIECE (Challenge),FIRST LEGO League: Challenge,fll_challenge,closed,Closed,complete,10,9,2024-04-27T08:00:00-07:00,2024-04-27T17:00:00-07:00,America/Los_Angeles,True,,San Jose,The Play Space,,,/en/event/42/
43,2024 NorCal FLL-C:  Second Chance Tournament 2,2023 - MASTERPIECE (Challenge),FIRST LEGO League: Challenge,fll_challenge,canceled,Canceled,canceled,15,0,2024-04-28T08:00:00-07:00,2024-04-28T17:00:00-07:00,America/Los_Angeles,True,,San Jose,The Play Space,,,/en/event/43/
44,2024 NorCal FLL-C:  San Jose QT at St Martin of Tours,2024 - SUBMERGED (Challenge),FIRST LEGO League: Challenge,fll_challenge,closed,Closed,complete,12,12,2024-11-02T08:00:00-07:00,2024-11-02T18:00:00-07:00,America/Los_Angeles,True,,San Jose,St Martin of Tours,,Thanks to FRC - Janksters 1967 for organizing,/en/event/44/
45,2024 NorCal FLL-C:  San Jose QT at The Play Space 11/3,2024 - SUBMERGED (Challenge),FIRST LEGO League: Challenge,fll_challenge,canceled,Canceled,canceled,0,0,2024-11-03T08:00:00-08:00,2024-11-03T18:00:00-08:00,America/Los_Angeles,True,,San Jose,The Play Space,,not needed - too much capacity,/en/event/45/
46,2024 NorCal FLL-C:  San Jose QT at Stratford Prep,2024 - SUBMERGED (Challenge),FIRST LEGO League: Challenge,fll_challenge,closed,Closed,complete,12,12,2024-11-09T08:00:00-08:00,2024-11-09T18:00:00-08:00,America/Los_Angeles,True,,San Jose,Stratford Prep School,,Thanks to FTC-Mechalions 21781 for organizing,/en/event/46/
47,2024 NorCal FLL-C:  San Francisco QT at Lowell HS,2024 - SUBMERGED (Challenge),FIRST LEGO League: Challenge,fll_challenge,closed,Closed,complete,12,12,2024-11-09T08:00:00-08:00,2024-11-09T19:00:00-08:00,America/Los_Angeles,True,,San Francisco,Lowell High School,,Thanks to FRC - CardinalBotics 4159 for organizing!,/en/event/47/
48,2024 NorCal FLL-C:  San Jose QT at The Play Space 11/9,2024 - SUBMERGED (Challenge),FIRST LEGO League: Challenge,fll_challenge,closed,Closed,complete,12,12,2024-11-09T08:00:00-08:00,2024-11-09T18:00:00-08:00,America/Los_Angeles,True,,San Jose,The Play Space,,Thanks to FTC Polaris Robotics -18340 for organizing,/en/event/48/
49,2024 NorCal FLL-C:  Palo Alto QT - Girl Scouts @ LDS,2024 - SUBMERGED (Challenge),FIRST LEGO League: Challenge,fll_challenge,closed,Closed,complete,12,12,2024-11-09T08:00:00-08:00,2024-11-09T18:00:00-08:00,America/Los_Angeles,True,,Palo Alto,LDS Church Palo Alto,,"Thanks to FRC - Space Cookies 1868, Girl Scouts and the LDS Church of Palo Alto",/en/event/49/
50,2024 NorCal FLL-C:  San Jose QT at Santa Teresa HS,2024 - SUBMERGED (Challenge),FIRST LEGO League: Challenge,fll_challenge,closed,Closed,complete,16,16,2024-11-09T08:00:00-08:00,2024-11-09T18:00:00-08:00,America/Los_Angeles,True,,San Jose,Santa Teresa High School,,Thanks to FRC - Dark Matter 2643  for organizing,/en/event/50/
51,2024 NorCal FLL-C:  San Mateo QT at The Nueva School,2024 - SUBMERGED (Challenge),FIRST LEGO League: Challenge,fll_challenge,closed,Closed,complete,18,18,2024-11-10T08:00:00-08:00,2024-11-10T18:00:00-08:00,America/Los_Angeles,True,,San Mateo,"The Nueva School, San Mateo",,Thanks to FRC - Bot-Provoking 4904 for organizing,/en/event/51/
52,2024 NorCal FLL-C:  Palo Alto QT at Gunn HS,2024 - SUBMERGED (Challenge),FIRST LEGO League: Challenge,fll_challenge,closed,Closed,complete,16,16,2024-11-10T08:00:00-08:00,2024-11-10T18:00:00-08:00,America/Los_Angeles,True,,Palo Alto,Gunn High School,,Thanks to FRC - GRT 192 for organizing,/en/event/52/
53,2024 NorCal FLL-C:  San Francisco QT at Jewish Comm HS,2024 - SUBMERGED (Challenge),FIRST LEGO League: Challenge,fll_challenge,closed,Closed,complete,16,16,2024-11-10T08:00:00-08:00,2024-11-10T18:00:00-08:00,America/Los_Angeles,True,,San Francisco,Jewish Community High School,,Thanks to FTC - JCHS Wolves 9448 for organizing,/en/event/53/
54,2024 NorCal FLL-C:  Sunnyvale QT at Fremont HS,2024 - SUBMERGED (Challenge),FIRST LEGO League: Challenge,fll_challenge,closed,Closed,complete,24,24,2024-11-16T08:00:00-08:00,2024-11-16T18:00:00-08:00,America/Los_Angeles,True,,Sunnyvale,Fremont High School,,Thanks to FRC - Firebots 3501 for organizing,/en/event/54/
55,2024 NorCal FLL-C:  San Francisco QT at SF Day School,2024 - SUBMERGED (Challenge),FIRST LEGO League: Challenge,fll_challenge,closed,Closed,complete,18,18,2024-11-16T08:00:00-08:00,2024-11-16T18:00:00-08:00,America/Los_Angeles,True,,San Francisco,San Francisco Day School,,Thanks San Francisco Day School!,/en/event/55/
56,2024 NorCal FLL-C:  San Jose QT at Presentation HS,2024 - SUBMERGED (Challenge),FIRST LEGO League: Challenge,fll_challenge,closed,Closed,complete,18,18,2024-11-16T08:00:00-08:00,2024-11-16T18:00:00-08:00,America/Los_Angeles,True,,San Jose,Presentation High School,,Thanks to FRC - Presentation Invasion 2135 for organizing,/en/event/56/
57,2024 NorCal FLL-C:  Sunnyvale QT at Google,2024 - SUBMERGED (Challenge),FIRST LEGO League: Challenge,fll_challenge,closed,Closed,complete,12,12,2024-11-09T08:00:00-08:00,2024-11-09T18:00:00-08:00,America/Los_Angeles,True,,Sunnyvale,Google Sunnyvale,,Thanks to Googlers for organizing!,/en/event/57/
58,2024 NorCal FLL-C:  Modesto QT at Beyer HS,2024 - SUBMERGED (Challenge),FIRST LEGO League: Challenge,fll_challenge,closed,Closed,complete,18,18,2024-11-16T08:00:00-08:00,2024-11-16T18:00:00-08:00,America/Los_Angeles,True,,Modesto,Beyer High School,,Thanks FRC - Iron Patriots 4135 for organizing,/en/event/58/
59,2024 NorCal FLL-C:  San Jose QT at Leland  HS,2024 - SUBMERGED (Challenge),FIRST LEGO League: Challenge,fll_challenge,closed,Closed,complete,24,24,2024-11-15T08:00:00-08:00,2024-11-15T18:00:00-08:00,America/Los_Angeles,True,,San Jose,Leland High School,,Thanks to FRC- 604 Quixillver for organizing,/en/event/59/
60,2024 NorCal FLL-C:  Mt View QT at Mt View HS 11/16,2024 - SUBMERGED (Challenge),FIRST LEGO League: Challenge,fll_challenge,closed,Closed,complete,18,18,2024-11-16T08:00:00-08:00,2024-11-16T18:00:00-08:00,America/Los_Angeles,True,,Mountain View,Mountain View High School,,Thanks FRC - Spartan Robotics 971 for organizing,/en/event/60/
61,2024 NorCal FLL-C:  Mt View QT at Mt View HS 11/17,2024 - SUBMERGED (Challenge),FIRST LEGO League: Challenge,fll_challenge,closed,Closed,complete,18,18,2024-11-17T08:00:00-08:00,2024-11-17T18:00:00-08:00,America/Los_Angeles,True,,Mountain View,Mountain View High School,,Thanks FRC - Spartan Robotics 971 for organizing,/en/event/61/
62,2024 NorCal FLL-C:  Elk Grove QT at Pleasant Grove HS,2024 - SUBMERGED (Challenge),FIRST LEGO League: Challenge,fll_challenge,closed,Closed,complete,24,24,2024-11-17T08:00:00-08:00,2024-11-17T18:00:00-08:00,America/Los_Angeles,True,,Elk Grove,Pleasant Grove High School,,Thanks to FRC 2073 EagleForce for organizing,/en/event/62/
63,2024 NorCal FLL-C:  Fremont QT at BASIS Independent,2024 - SUBMERGED (Challenge),FIRST LEGO League: Challenge,fll_challenge,closed,Closed,complete,18,18,2024-11-17T08:00:00-08:00,2024-11-17T18:00:00-08:00,America/Los_Angeles,True,,Fremont,BASIS Independent Fremont - Lower School,,Thanks BASIS Independent Fremont - Lower School!,/en/event/63/
71,2024 NorCal FLL-E Festival - Mountain View,2024 - SUBMERGED (Explore),FIRST LEGO League: Explore,fll_explore,closed,Closed,complete,6,6,2024-12-07T12:30:00-08:00,2024-12-07T16:30:00-08:00,America/Los_Angeles,True,,Mountain View,Mountain View High School,,Hosted at Mountain View High School,/en/event/71/
73,2025 NorCal FLL-E Festival - Santa Cruz Midday,2024 - SUBMERGED (Explore),FIRST LEGO League: Explore,fll_explore,canceled,Canceled,canceled,8,0,2025-01-12T09:45:00-08:00,2025-01-12T11:45:00-08:00,America/Los_Angeles,True,,Santa Cruz,Dream Inn,,,/en/event/73/
74,2025 NorCal FLL-E Festival - Santa Cruz Afternoon,2024 - SUBMERGED (Explore),FIRST LEGO League: Explore,fll_explore,closed,Closed,complete,9,8,2025-01-12T13:00:00-08:00,2025-01-12T15:00:00-08:00,America/Los_Angeles,True,,Santa Cruz,Dream Inn,,,/en/event/74/
76,2024 NorCal FLL-C:  Dublin QT at Quarry Lane School,2024 - SUBMERGED (Challenge),FIRST LEGO League: Challenge,fll_challenge,closed,Closed,complete,12,12,2024-11-02T08:00:00-07:00,2024-11-02T18:00:00-07:00,America/Los_Angeles,True,,Dublin,Quarry Lane  - West Campus,,Thanks QLS!,/en/event/76/
77,2025 SF / East Bay / Capital District Championship,2024 - SUBMERGED (Challenge),FIRST LEGO League: Challenge,fll_challenge,closed,Closed,complete,30,30,2025-01-19T07:30:00-08:00,2025-01-19T18:30:00-08:00,America/Los_Angeles,True,,Elk Grove,Pleasant Grove High School,,,/en/event/77/
110,2025 Peninsula District Championship,2024 - SUBMERGED (Challenge),FIRST LEGO League: Challenge,fll_challenge,closed,Closed,complete,42,42,2025-03-09T07:00:00-07:00,2025-03-09T19:00:00-07:00,America/Los_Angeles,True,,Palo Alto,Palo Alto High School,,,/en/event/110/
111,2025 San Jose District Championship,2024 - SUBMERGED (Challenge),FIRST LEGO League: Challenge,fll_challenge,closed,Closed,complete,42,42,2025-03-02T07:00:00-08:00,2025-03-02T19:00:00-08:00,America/Los_Angeles,True,,San Jose,Kathleen MacDonald High School,,,/en/event/111/
112,2025 NorCal FLL-E Festival - Folsom Afternoon,2024 - SUBMERGED (Explore),FIRST LEGO League: Explore,fll_explore,closed,Closed,complete,10,10,2025-01-26T13:00:00-08:00,2025-01-26T15:00:00-08:00,America/Los_Angeles,True,,Folsom,Folsom Lake College,,Hosted by Folsom Lake College,/en/event/112/
113,2025 NorCal FLL-E Festival - Folsom - Evening,2024 - SUBMERGED (Explore),FIRST LEGO League: Explore,fll_explore,canceled,Canceled,canceled,8,0,2025-01-26T15:15:00-08:00,2025-01-26T17:15:00-08:00,America/Los_Angeles,True,,Folsom,Folsom Lake College,,,/en/event/113/
114,2025 NorCal FLL-E Festival - San Jose Morning - 2/1,2024 - SUBMERGED (Explore),FIRST LEGO League: Explore,fll_explore,closed,Closed,complete,8,5,2025-02-01T08:00:00-08:00,2025-02-01T10:00:00-08:00,America/Los_Angeles,True,,San Jose,St. Christopher School,,,/en/event/114/
115,2025 NorCal FLL-E Festival - San Jose Midday - 2/1,2024 - SUBMERGED (Explore),FIRST LEGO League: Explore,fll_explore,closed,Closed,complete,8,5,2025-02-01T10:15:00-08:00,2025-02-01T12:15:00-08:00,America/Los_Angeles,True,,San Jose,St. Christopher School,,,/en/event/115/
116,2025 NorCal FLL-E Festival - Folsom Midday,2024 - SUBMERGED (Explore),FIRST LEGO League: Explore,fll_explore,closed,Closed,complete,8,0,2025-01-26T10:15:00-08:00,2025-01-26T12:15:00-08:00,America/Los_Angeles,True,,Folsom,Folsom Lake College,,,/en/event/116/
117,2025 NorCal FLL-E Festival - San Jose Afternoon - 2/1,2024 - SUBMERGED (Explore),FIRST LEGO League: Explore,fll_explore,closed,Closed,complete,8,5,2025-02-01T13:00:00-08:00,2025-02-01T15:00:00-08:00,America/Los_Angeles,True,,San Jose,St. Christopher School,,,/en/event/117/
118,2025 NorCal FLL-C:  Fremont Spring League - 4/26,2024 - SUBMERGED (Challenge),FIRST LEGO League: Challenge,fll_challenge,closed,Closed,complete,18,18,2025-04-26T08:00:00-07:00,2025-04-26T18:00:00-07:00,America/Los_Angeles,True,,Fremont,BASIS Independent Fremont - Lower School,,,/en/event/118/
119,2025 NorCal FLL-C : Sunnyvale Spring League - 4/26,2024 - SUBMERGED (Challenge),FIRST LEGO League: Challenge,fll_challenge,closed,Closed,complete,18,18,2025-04-26T08:00:00-07:00,2025-04-26T18:00:00-07:00,America/Los_Angeles,True,,Sunnyvale,The King's Academy  [back entrance],,,/en/event/119/
120,2025 NorCal FLL-C:  The Play Space Spring League - 3/23,2024 - SUBMERGED (Challenge),FIRST LEGO League: Challenge,fll_challenge,closed,Closed,complete,14,14,2025-03-23T08:00:00-07:00,2025-03-23T18:00:00-07:00,America/Los_Angeles,True,,San Jose,The Play Space,,,/en/event/120/
121,2025 NorCal FLL-C:  The Play Space Spring League - 4/5,2024 - SUBMERGED (Challenge),FIRST LEGO League: Challenge,fll_challenge,closed,Closed,complete,14,14,2025-04-05T08:00:00-07:00,2025-04-05T18:00:00-07:00,America/Los_Angeles,True,,San Jose,The Play Space,,,/en/event/121/
122,2025 NorCal FLL-C:  Dublin Spring League - 4/27,2024 - SUBMERGED (Challenge),FIRST LEGO League: Challenge,fll_challenge,closed,Closed,complete,18,18,2025-04-27T08:00:00-07:00,2025-04-27T18:00:00-07:00,America/Los_Angeles,True,,Dublin,Quarry Lane - Main Campus,,,/en/event/122/
123,2025 NorCal FLL-C:  The Play Space Spring League - 4/13,2024 - SUBMERGED (Challenge),FIRST LEGO League: Challenge,fll_challenge,closed,Closed,complete,15,15,2025-04-13T08:00:00-07:00,2025-04-13T18:00:00-07:00,America/Los_Angeles,True,,San Jose,The Play Space,,,/en/event/123/
124,2025 NorCal FLL-E Festival - San Jose Afternoon - 3/22,2024 - SUBMERGED (Explore),FIRST LEGO League: Explore,fll_explore,closed,Closed,complete,8,8,2025-03-22T13:00:00-07:00,2025-03-22T15:00:00-07:00,America/Los_Angeles,True,,San Jose,The Play Space,,,/en/event/124/
125,2025 NorCal FLL-E Festival - San Jose Midday - 3/22,2024 - SUBMERGED (Explore),FIRST LEGO League: Explore,fll_explore,closed,Closed,complete,8,8,2025-03-22T10:15:00-07:00,2025-03-22T12:15:00-07:00,America/Los_Angeles,True,,San Jose,The Play Space,,,/en/event/125/
126,2025 NorCal FLL-E Festival - San Jose Morning - 3/22,2024 - SUBMERGED (Explore),FIRST LEGO League: Explore,fll_explore,closed,Closed,complete,8,7,2025-03-22T08:00:00-07:00,2025-03-22T10:00:00-07:00,America/Los_Angeles,True,,San Jose,The Play Space,,,/en/event/126/
127,2025 NorCal FLL-E Festival - San Jose Evening - 3/22,2024 - SUBMERGED (Explore),FIRST LEGO League: Explore,fll_explore,closed,Closed,complete,8,8,2025-03-22T15:15:00-07:00,2025-03-22T17:15:00-07:00,America/Los_Angeles,True,,San Jose,The Play Space,,,/en/event/127/
128,2025 NorCal FLL-C:  Fremont Spring League - 4/5,2024 - SUBMERGED (Challenge),FIRST LEGO League: Challenge,fll_challenge,closed,Closed,complete,18,18,2025-04-05T08:00:00-07:00,2025-04-05T18:00:00-07:00,America/Los_Angeles,True,,Fremont,MSJ Elementary School,,,/en/event/128/
161,2025 NorCal FLL-E Festival - San Jose Afternoon - 4/12,2024 - SUBMERGED (Explore),FIRST LEGO League: Explore,fll_explore,closed,Closed,complete,8,8,2025-04-12T13:00:00-07:00,2025-04-12T15:00:00-07:00,America/Los_Angeles,True,,San Jose,The Play Space,,,/en/event/161/
162,2025 NorCal FLL-E Festival - San Jose Midday - 4/12,2024 - SUBMERGED (Explore),FIRST LEGO League: Explore,fll_explore,closed,Closed,complete,8,8,2025-04-12T10:15:00-07:00,2025-04-12T12:15:00-07:00,America/Los_Angeles,True,,San Jose,The Play Space,,,/en/event/162/
163,2025 NorCal FLL-E Festival - San Jose Evening - 4/12,2024 - SUBMERGED (Explore),FIRST LEGO League: Explore,fll_explore,closed,Closed,complete,7,7,2025-04-12T15:15:00-07:00,2025-04-12T17:15:00-07:00,America/Los_Angeles,True,,San Jose,The Play Space,,,/en/event/163/
164,2025 NorCal FLL-E Festival - San Jose Morning - 4/12,2024 - SUBMERGED (Explore),FIRST LEGO League: Explore,fll_explore,closed,Closed,complete,4,4,2025-04-12T08:00:00-07:00,2025-04-12T10:00:00-07:00,America/Los_Angeles,True,,San Jose,The Play Space,,,/en/event/164/
173,2025 NorCal FLL-C:  San Francisco QT at Lowell HS,2025 - UNEARTHED (Challenge),FIRST LEGO League: Challenge,fll_challenge,closed,Closed,complete,12,12,2025-11-02T08:00:00-08:00,2025-11-02T19:00:00-08:00,America/Los_Angeles,True,,San Francisco,Lowell High School,,Thanks to FRC - CardinalBotics 4159 for organizing!,/en/event/173/
174,2025 NorCal FLL-C:  San Jose QT at St Martin of Tours,2025 - UNEARTHED (Challenge),FIRST LEGO League: Challenge,fll_challenge,closed,Closed,complete,18,18,2025-11-08T08:00:00-08:00,2025-11-08T18:00:00-08:00,America/Los_Angeles,True,,San Jose,St Martin of Tours,,Thanks to FRC - Janksters 1967 for organizing,/en/event/174/
175,2025 NorCal FLL-C:  San Jose QT at The Play Space 11/8,2025 - UNEARTHED (Challenge),FIRST LEGO League: Challenge,fll_challenge,closed,Closed,complete,12,12,2025-11-08T08:00:00-08:00,2025-11-08T18:00:00-08:00,America/Los_Angeles,True,,San Jose,The Play Space,,Thanks to FTC Polaris Robotics -18340 for organizing,/en/event/175/
176,2025 NorCal FLL-C:  Modesto QT at Beyer HS,2025 - UNEARTHED (Challenge),FIRST LEGO League: Challenge,fll_challenge,closed,Closed,complete,18,17,2025-11-08T08:00:00-08:00,2025-11-08T18:00:00-08:00,America/Los_Angeles,True,,Modesto,Beyer High School,,Thanks FRC - Iron Patriots 4135 for organizing,/en/event/176/
177,2025 NorCal FLL-C:  San Mateo QT at The Nueva School,2025 - UNEARTHED (Challenge),FIRST LEGO League: Challenge,fll_challenge,closed,Closed,complete,18,18,2025-11-09T08:00:00-08:00,2025-11-09T18:00:00-08:00,America/Los_Angeles,True,,San Mateo,"The Nueva School, San Mateo",,Thanks to FRC - Bot-Provoking 4904 for organizing,/en/event/177/
178,2025 NorCal FLL-C:  Sunnyvale QT at The King's Academy,2025 - UNEARTHED (Challenge),FIRST LEGO League: Challenge,fll_challenge,closed,Closed,complete,12,12,2025-11-15T08:00:00-08:00,2025-11-15T18:00:00-08:00,America/Los_Angeles,True,,Sunnyvale,The King's Academy,,,/en/event/178/
179,2025 NorCal FLL-C:  San Jose QT at Santa Teresa HS,2025 - UNEARTHED (Challenge),FIRST LEGO League: Challenge,fll_challenge,closed,Closed,complete,18,18,2025-11-09T08:00:00-08:00,2025-11-09T18:00:00-08:00,America/Los_Angeles,True,,San Jose,Santa Teresa High School,,Thanks to FRC - Dark Matter 2643  for organizing,/en/event/179/
180,2025 NorCal FLL-C:  San Francisco QT at SF Day School,2025 - UNEARTHED (Challenge),FIRST LEGO League: Challenge,fll_challenge,closed,Closed,complete,18,18,2025-11-15T08:00:00-08:00,2025-11-15T18:00:00-08:00,America/Los_Angeles,True,,San Francisco,San Francisco Day School,,Thanks San Francisco Day School!,/en/event/180/
181,2025 NorCal FLL-C:  San Jose QT at Leland  HS,2025 - UNEARTHED (Challenge),FIRST LEGO League: Challenge,fll_challenge,closed,Closed,complete,24,24,2025-11-15T08:00:00-08:00,2025-11-15T18:00:00-08:00,America/Los_Angeles,True,,San Jose,Leland High School,,Thanks to FRC- 604 Quixillver for organizing,/en/event/181/
182,2026 NorCal FLL-C:  SF Spring League at Jewish Comm HS,2025 - UNEARTHED (Challenge),FIRST LEGO League: Challenge,fll_challenge,closed,Closed,complete,12,12,2026-04-19T08:00:00-07:00,2026-04-19T18:00:00-07:00,America/Los_Angeles,True,,San Francisco,Jewish Community High School,,Thanks to FTC - JCHS Wolves 9448 for organizing,/en/event/182/
183,2025 NorCal FLL-C:  Palo Alto QT at Gunn HS,2025 - UNEARTHED (Challenge),FIRST LEGO League: Challenge,fll_challenge,closed,Closed,complete,18,18,2025-11-16T08:00:00-08:00,2025-11-16T18:00:00-08:00,America/Los_Angeles,True,,Palo Alto,Gunn High School,,Thanks to FRC - GRT 192 for organizing,/en/event/183/
185,2025 NorCal FLL-C:  San Francisco QT at SI Golden Gate,2025 - UNEARTHED (Challenge),FIRST LEGO League: Challenge,fll_challenge,closed,Closed,complete,8,8,2025-11-01T08:00:00-07:00,2025-11-01T18:00:00-07:00,America/Los_Angeles,True,,San Francisco,St. Ignatius College Prep,,Thanks Golden Gate Robotics - FRC Team 5924,/en/event/185/
186,2025 NorCal FLL-C:  San Jose QT at St Christopher,2025 - UNEARTHED (Challenge),FIRST LEGO League: Challenge,fll_challenge,closed,Closed,complete,12,12,2025-11-15T08:00:00-08:00,2025-11-15T18:00:00-08:00,America/Los_Angeles,True,,San Jose,St. Christopher School,,,/en/event/186/
187,2025 NorCal FLL-C:  Sacramento QT at SACCDS,2025 - UNEARTHED (Challenge),FIRST LEGO League: Challenge,fll_challenge,closed,Closed,complete,18,18,2025-11-16T08:00:00-08:00,2025-11-16T18:00:00-08:00,America/Los_Angeles,True,,Sacramento,Sacramento Country Day School,,Thank you Sacramento Country Day School,/en/event/187/
188,2025 NorCal FLL-C:  East Palo Alto QT at EPA Center,2025 - UNEARTHED (Challenge),FIRST LEGO League: Challenge,fll_challenge,closed,Closed,complete,12,12,2025-11-16T08:00:00-08:00,2025-11-16T18:00:00-08:00,America/Los_Angeles,True,,East Palo Alto,EPA Center,,Thanks Space Cookies and EPA Center for supporting and hosting,/en/event/188/
189,2025 NorCal FLL-C:  Elk Grove QT at Pleasant Grove HS,2025 - UNEARTHED (Challenge),FIRST LEGO League: Challenge,fll_challenge,closed,Closed,complete,24,24,2025-11-16T08:00:00-08:00,2025-11-16T18:00:00-08:00,America/Los_Angeles,True,,Elk Grove,Pleasant Grove High School,,,/en/event/189/
190,2025 NorCal FLL-C:  Mountain View QT at Mt View HS,2025 - UNEARTHED (Challenge),FIRST LEGO League: Challenge,fll_challenge,closed,Closed,complete,18,18,2025-11-15T08:00:00-08:00,2025-11-15T18:00:00-08:00,America/Los_Angeles,True,,Mountain View,Mountain View High School,,,/en/event/190/
191,2025 NorCal FLL-C:  Mt View QT at San Antonio Center,2025 - UNEARTHED (Challenge),FIRST LEGO League: Challenge,fll_challenge,closed,Closed,complete,12,12,2025-11-15T08:00:00-08:00,2025-11-15T18:00:00-08:00,America/Los_Angeles,True,,Mountain View,San Antonio Center,,Thanks to MV Robotics for allowing FIRST LEGO League to leverage the space,/en/event/191/
192,2025 NorCal FLL-C:  Fremont QT at Gomes,2025 - UNEARTHED (Challenge),FIRST LEGO League: Challenge,fll_challenge,closed,Closed,complete,12,12,2025-11-08T08:00:00-08:00,2025-11-08T18:00:00-08:00,America/Los_Angeles,True,,Fremont,Gomes Elementary School,,,/en/event/192/
193,2025 NorCal FLL-C:  San Ramon QT at The Dorris-Eaton School,2025 - UNEARTHED (Challenge),FIRST LEGO League: Challenge,fll_challenge,closed,Closed,complete,12,12,2025-11-08T08:00:00-08:00,2025-11-08T18:00:00-08:00,America/Los_Angeles,True,,San Ramon,The Dorris-Eaton School,,,/en/event/193/
194,2025 NorCal FLL-C:  San Jose QT at The Play Space 11/9,2025 - UNEARTHED (Challenge),FIRST LEGO League: Challenge,fll_challenge,closed,Closed,complete,12,12,2025-11-09T08:00:00-08:00,2025-11-09T18:00:00-08:00,America/Los_Angeles,True,,San Jose,The Play Space,,,/en/event/194/
227,2025 NorCal FLL-E Festival - San Jose Midday - 12/7,2025 - UNEARTHED (Explore),FIRST LEGO League: Explore,fll_explore,closed,Closed,complete,8,8,2025-12-07T10:15:00-08:00,2025-12-07T12:15:00-08:00,America/Los_Angeles,True,,San Jose,The Play Space,,,/en/event/227/
265,2026 NorCal FLL Explore Festival - Santa Cruz - 1/11 - Midday,2025 - UNEARTHED (Explore),FIRST LEGO League: Explore,fll_explore,closed,Closed,complete,8,5,2026-01-11T10:15:00-08:00,2026-01-11T12:15:00-08:00,America/Los_Angeles,True,,Santa Cruz,Dream Inn,,,/en/event/265/
266,2026 NorCal FLL Explore Festival - Folsom - 1/24 - Midday,2025 - UNEARTHED (Explore),FIRST LEGO League: Explore,fll_explore,closed,Closed,complete,8,6,2026-01-24T10:15:00-08:00,2026-01-24T12:15:00-08:00,America/Los_Angeles,True,,Folsom,Folsom Lake College,,In conjunction with NorCal FTC Qualifier hosted by Metal Maniacs,/en/event/266/
267,2026 NorCal Gold Rush Relics Championship  - 2025/2026 Season,2025 - UNEARTHED (Challenge),FIRST LEGO League: Challenge,fll_challenge,closed,Closed,complete,30,30,2026-02-22T07:00:00-08:00,2026-02-22T19:00:00-08:00,America/Los_Angeles,True,,Tracy,Kimball High School,,"Championship event for Sacramento, East Bay, San Francisco, Modesto, and North San Jose qualifiers",/en/event/267/
268,2026 NorCal Bay Area Bedrock Championship - 2025/2026 Season,2025 - UNEARTHED (Challenge),FIRST LEGO League: Challenge,fll_challenge,closed,Closed,complete,54,54,2026-03-08T07:00:00-07:00,2026-03-08T19:00:00-07:00,America/Los_Angeles,True,,Palo Alto,Palo Alto High School,,"Championship event for Peninsula, South Bay,  South San Jose qualifiers",/en/event/268/
269,2026 NorCal FLL-C: Union City Spring League at Guy Emanuele Jr.,2025 - UNEARTHED (Challenge),FIRST LEGO League: Challenge,fll_challenge,closed,Closed,complete,18,18,2026-04-25T08:00:00-07:00,2026-04-25T18:00:00-07:00,America/Los_Angeles,True,,Union City,Guy Emanuele Jr. Elementary School,,Thanks to FTC #18340 Polaris Robotics for organizing this tournament,/en/event/269/
270,2026 NorCal FLL-C:  San Jose Spring League at The Play Space 4/26,2025 - UNEARTHED (Challenge),FIRST LEGO League: Challenge,fll_challenge,closed,Closed,complete,12,12,2026-04-26T08:00:00-07:00,2026-04-26T18:00:00-07:00,America/Los_Angeles,True,,San Jose,The Play Space,,Cecilia will coordinate,/en/event/270/
271,2026 NorCal FLL-C: Mt View  Spring League at San Antonio Center 3/21,2025 - UNEARTHED (Challenge),FIRST LEGO League: Challenge,fll_challenge,closed,Closed,complete,12,10,2026-03-21T08:00:00-07:00,2026-03-21T18:00:00-07:00,America/Los_Angeles,True,,Mountain View,San Antonio Center,,Thanks to MV Robotics for allowing FIRST LEGO League to leverage the space & FTC team 25627 Robowarriors for helping to host the event,/en/event/271/
272,2026 NorCal FLL-C: Mt View Spring League at San Antonio Center 3/22,2025 - UNEARTHED (Challenge),FIRST LEGO League: Challenge,fll_challenge,closed,Closed,complete,12,12,2026-03-22T08:00:00-07:00,2026-03-22T18:00:00-07:00,America/Los_Angeles,True,,Mountain View,San Antonio Center,,Thanks to FLL - (pending),/en/event/272/
273,2026 NorCal FLL-C: San Jose Spring League at The Play Space 3/29,2025 - UNEARTHED (Challenge),FIRST LEGO League: Challenge,fll_challenge,closed,Closed,complete,12,12,2026-03-29T08:00:00-07:00,2026-03-29T18:00:00-07:00,America/Los_Angeles,True,,San Jose,The Play Space,,Thanks to FTC -31579 for organizing,/en/event/273/
274,2026 NorCal FLL-C:  Livermore Spring League at East Avenue Middle School,2025 - UNEARTHED (Challenge),FIRST LEGO League: Challenge,fll_challenge,closed,Closed,complete,18,18,2026-05-02T08:00:00-07:00,2026-05-02T18:00:00-07:00,America/Los_Angeles,True,,Livermore,East Avenue Middle School Livermore,,Thanks to FRC Team #6619 GravitechX for organizing this tournament,/en/event/274/
275,2026 2026 NorCal FLL Explore Festival - Mountain View (Midday),2025 - UNEARTHED (Explore),FIRST LEGO League: Explore,fll_explore,closed,Closed,complete,9,9,2026-03-15T10:15:00-07:00,2026-03-15T12:15:00-07:00,America/Los_Angeles,True,,Mountain View,San Antonio Center,,,/en/event/275/
276,2026 2026 NorCal FLL Explore Festival - Mountain View (Afternoon),2025 - UNEARTHED (Explore),FIRST LEGO League: Explore,fll_explore,closed,Closed,complete,9,9,2026-03-15T09:15:00-07:00,2026-03-15T15:15:00-07:00,America/Los_Angeles,True,,Mountain View,San Antonio Center,,,/en/event/276/
277,2026 2026 NorCal FLL Explore Festival - Cow Palace (Morning),2025 - UNEARTHED (Explore),FIRST LEGO League: Explore,fll_explore,closed,Closed,complete,12,12,2026-04-11T10:15:00-07:00,2026-04-11T13:00:00-07:00,America/Los_Angeles,True,,Daly City,Cow Palace Arena & Event Center,,,/en/event/277/
278,2026 NorCal FLL-C:  Spring League at Jessup University  Rocklin,2025 - UNEARTHED (Challenge),FIRST LEGO League: Challenge,fll_challenge,closed,Closed,complete,10,9,2026-04-26T08:00:00-07:00,2026-04-26T18:00:00-07:00,America/Los_Angeles,True,,Rocklin,Jessup University,,,/en/event/278/
279,2026 2026 NorCal FLL Explore Festival - Roseville,2025 - UNEARTHED (Explore),FIRST LEGO League: Explore,fll_explore,canceled,Canceled,canceled,8,0,2026-04-18T09:15:00-07:00,2026-04-18T12:15:00-07:00,America/Los_Angeles,True,,Roseville,HPE,,,/en/event/279/
280,2026 NorCal FLL-C: San Jose Spring League at The Play Space 5/3,2025 - UNEARTHED (Challenge),FIRST LEGO League: Challenge,fll_challenge,closed,Closed,complete,12,12,2026-05-03T08:00:00-07:00,2026-05-03T18:00:00-07:00,America/Los_Angeles,True,,San Jose,The Play Space,,,/en/event/280/
281,2026 2026 NorCal FLL Explore Festival - San Jose (Morning) 5/2,2025 - UNEARTHED (Explore),FIRST LEGO League: Explore,fll_explore,closed,Closed,complete,9,9,2026-05-02T09:15:00-07:00,2026-05-02T11:15:00-07:00,America/Los_Angeles,True,,San Jose,The Play Space,,,/en/event/281/
282,2026 2026 NorCal FLL Explore Festival - San Jose (Afternoon) 5/2,2025 - UNEARTHED (Explore),FIRST LEGO League: Explore,fll_explore,closed,Closed,complete,9,9,2026-05-02T12:30:00-07:00,2026-05-02T14:30:00-07:00,America/Los_Angeles,True,,San Jose,The Play Space,,,/en/event/282/
301,"2026 NorCal FLL Challenge BIOGLOW QT – St. Martin of Tours, San Jose",2026 - BIOGLOW (Challenge),FIRST LEGO League: Challenge,fll_challenge,open,Open,open,18,12,2026-11-07T08:00:00-08:00,2026-11-07T18:00:00-08:00,America/Los_Angeles,False,,San Jose,St Martin of Tours,,,/en/event/301/
302,"2026 NorCal FLL Challenge BIOGLOW QT – The Dorris-Eaton School, San Ramon",2026 - BIOGLOW (Challenge),FIRST LEGO League: Challenge,fll_challenge,open,Open,open,12,11,2026-11-07T08:00:00-08:00,2026-11-07T18:00:00-08:00,America/Los_Angeles,False,,San Ramon,The Dorris-Eaton School,,"<p class=""mb-1""><br></p>",/en/event/302/
303,"2026 NorCal FLL Challenge BIOGLOW QT -  Beyer High School, Modesto",2026 - BIOGLOW (Challenge),FIRST LEGO League: Challenge,fll_challenge,open,Open,open,18,5,2026-11-14T08:00:00-08:00,2026-11-14T18:00:00-08:00,America/Los_Angeles,False,,Modesto,Beyer High School,,,/en/event/303/
304,2026 NorCal FLL Challenge BIOGLOW QT- SF Day School,2026 - BIOGLOW (Challenge),FIRST LEGO League: Challenge,fll_challenge,open,Open,open,18,14,2026-11-14T08:00:00-08:00,2026-11-14T18:00:00-08:00,America/Los_Angeles,False,,San Francisco,San Francisco Day School,,,/en/event/304/
305,"2026 NorCal FLL Challenge BIOGLOW QT - The King's Academy, Sunnyvale",2026 - BIOGLOW (Challenge),FIRST LEGO League: Challenge,fll_challenge,open,Open,open,18,18,2026-11-14T08:00:00-08:00,2026-11-14T18:00:00-08:00,America/Los_Angeles,False,,Sunnyvale,The King's Academy,,,/en/event/305/
306,"2026 NorCal FLL Challenge BIOGLOW QT - San Francisco Bay University, Fremont",2026 - BIOGLOW (Challenge),FIRST LEGO League: Challenge,fll_challenge,open,Open,open,18,16,2026-11-14T08:00:00-08:00,2026-11-14T18:00:00-08:00,America/Los_Angeles,False,,,,,"<p class=""mb-1""><br></p>",/en/event/306/
307,2026 NorCal FLL Challenge BIOGLOW QT- SF Town School for Boys,2026 - BIOGLOW (Challenge),FIRST LEGO League: Challenge,fll_challenge,open,Open,open,18,12,2026-11-15T08:00:00-08:00,2026-11-15T18:00:00-08:00,America/Los_Angeles,False,,,,,,/en/event/307/
308,"2026 NorCal FLL Challenge BIOGLOW QT - NOV 15 The Play Space, San Jose",2026 - BIOGLOW (Challenge),FIRST LEGO League: Challenge,fll_challenge,open,Open,open,12,12,2026-11-15T08:00:00-08:00,2026-11-15T18:00:00-08:00,America/Los_Angeles,False,,San Jose,The Play Space,,,/en/event/308/
309,"2026 NorCal FLL Challenge BIOGLOW QT - Nueva School, San Mateo",2026 - BIOGLOW (Challenge),FIRST LEGO League: Challenge,fll_challenge,open,Open,open,18,17,2026-11-15T08:00:00-08:00,2026-11-15T18:00:00-08:00,America/Los_Angeles,False,,,,,,/en/event/309/
310,"2026 NorCal FLL Challenge BIOGLOW QT - Gunn High School, Palo Alto",2026 - BIOGLOW (Challenge),FIRST LEGO League: Challenge,fll_challenge,closed,Closed,closed,18,18,2026-11-21T08:00:00-08:00,2026-11-21T18:00:00-08:00,America/Los_Angeles,False,,Palo Alto,Gunn High School,,,/en/event/310/
311,"2026 NorCal FLL Challenge BIOGLOW QT - Girl Scouts at EPA Center, East Palo Alto",2026 - BIOGLOW (Challenge),FIRST LEGO League: Challenge,fll_challenge,open,Open,open,18,16,2026-11-22T08:00:00-08:00,2026-11-22T18:00:00-08:00,America/Los_Angeles,False,,East Palo Alto,EPA Center,,,/en/event/311/
312,"2026 NorCal FLL Challenge BIOGLOW QT  - Lowell High School, San Francisco",2026 - BIOGLOW (Challenge),FIRST LEGO League: Challenge,fll_challenge,open,Open,open,18,14,2026-11-21T08:00:00-08:00,2026-11-21T18:00:00-08:00,America/Los_Angeles,False,,San Francisco,Lowell High School,,,/en/event/312/
313,"2026 NorCal FLL Challenge BIOGLOW QT - BASIS Independent School, Dublin",2026 - BIOGLOW (Challenge),FIRST LEGO League: Challenge,fll_challenge,open,Open,open,18,10,2026-11-14T08:00:00-08:00,2026-11-14T18:00:00-08:00,America/Los_Angeles,False,,,,,,/en/event/313/
314,"2026 NorCal FLL Challenge BIOGLOW QT - Pleasant Grove High School, Elk Grove",2026 - BIOGLOW (Challenge),FIRST LEGO League: Challenge,fll_challenge,open,Open,open,18,7,2026-11-15T08:00:00-08:00,2026-11-15T18:00:00-08:00,America/Los_Angeles,False,,Elk Grove,Pleasant Grove High School,,,/en/event/314/
315,"2026 NorCal FLL FUTURE BIOGLOW Event - NOV 22 The Play Space, San Jose",2026 - BIOGLOW (Future 6-8),FIRST LEGO League: Future Edition 6-8,fll68,open,Open,open,12,6,2026-11-22T08:00:00-08:00,2026-11-22T18:00:00-08:00,America/Los_Angeles,False,,San Jose,The Play Space,,,/en/event/315/
316,2026 NorCal FLL FUTURE BIOGLOW Tournament- St Ignatius College Prep HS,2026 - BIOGLOW (Future 6-8),FIRST LEGO League: Future Edition 6-8,fll68,open,Open,open,12,4,2026-11-21T08:00:00-08:00,2026-11-21T18:00:00-08:00,America/Los_Angeles,False,,San Francisco,St. Ignatius College Prep,,,/en/event/316/
