event_id,ranking,ordinal,team_number,team_name,judging_lane_name,highest_score,round_1,round_2,round_3,round_4,gp_note_1,gp_note_2,gp_note_3,gp_note_4
22,1,1st,60198,Chronobot,Blue Pod 4 - HJ6,530,530,520,500,,,,,
22,2,2nd,56453,Donut Powered,Orange Pod 5 - HJ 8,425,425,395,385,,,Hand shook with the other team,,
22,3,3rd,54145,G.O.A.T.S,Purple Pod 6 - HJ 9,425,365,425,345,,,,,
22,4,4th,51197,Jumping Jelly Beans,Purple Pod 6 - HJ 9,410,410,255,405,,,,,
22,5,5th,61168,Foothill 2023C,Purple Pod 6 - HJ 9,410,390,370,410,,,,,
22,6,6th,48793,Mountain House,Green Pod 3 - HJ5,405,275,405,375,,,,,
22,7,7th,55959,Shrek's Friends,Yellow Pod 1 - HJ1,395,395,330,395,,,,,
22,8,8th,52397,Invalid Syntax,Yellow Pod 1 - HJ1,380,380,370,380,,,,,
22,9,9th,44530,Platinum Programmers,Orange Pod 5 - HJ 8,380,345,280,380,,,"Really nice to the team on the other table and encouraged them (said good job and theyre doing well), talked about shaking hands (but didnt do it this time). Always encouraged each other all the time and listened when needed",,
22,10,10th,52090,Canary1,Blue Pod 4 - HJ6,375,350,315,375,,"Said good job to the team on the other side of the table and encouraged them when they were scoring. Shook hands and said good luck on their next games to the other team, encouraged the other team when they had the same color match and said good job. Encouraged each other a lot. Were respectful and nice to me and my space",,,
22,11,11th,62274,The Van Goes,Blue Pod 4 - HJ6,370,370,305,260,,,,,
22,12,12th,60718,Rockin Robos,Yellow Pod 1 - HJ1,365,365,320,335,,,,Tried to get more points by saying it's their birthday multiple times. Blamed lights for their robot error. Told a teammate that they hate them because he could not sign it.,
22,13,13th,52498,MovingTreeHouse,Yellow Pod 1 - HJ1,365,285,365,285,,,,,
22,14,14th,51057,ROCKING ROBOTS,Red Pod 2 - HJ4,350,250,340,350,,,,,
22,15,15th,57010,Rocket,Purple Pod 6 - HJ 9,350,350,320,265,,,,,
22,16,16th,55867,Harrybot,Green Pod 3 - HJ5,345,345,305,155,,,,,
22,17,17th,60428,LegoLegends,Orange Pod 5 - HJ 8,335,325,335,330,,,"Changed their code for the team on the other table to match colors, but the other team didn't end up running the code at all, causing this team to loose points for that cooperation.  They did ask the other team about it and understood why",,
22,18,18th,30517,Ice Cream Sundays,Purple Pod 6 - HJ 9,325,265,325,310,,,,,
22,19,19th,61301,Fantastic Fource,Green Pod 3 - HJ5,320,215,320,200,,,,,
22,20,20th,20915,TroBots,Blue Pod 4 - HJ6,315,315,265,300,,,,,
22,21,21st,59943,THESHOOTINGSTARS,Blue Pod 4 - HJ6,315,215,315,250,,,,,
22,22,22nd,52597,Flaming Stars,Green Pod 3 - HJ5,310,230,235,310,,,,,
22,23,23rd,52427,Circuit Squad,Red Pod 2 - HJ4,305,285,305,285,,,,"Asked questions and I clarified for them if needed, was good at communicating with me and being polite when needed.",
22,24,24th,38103,Astrobots,Red Pod 2 - HJ4,305,305,235,265,,,,,
22,25,25th,25573,X-Mann Bots,Orange Pod 5 - HJ 8,300,245,280,300,,,"Cheering each other on and clapping + saying good job, said it was okay when the robot messed up & they could improve later. Asked questions and understood when I made certain calls",,
22,26,26th,55794,Purple People Eaters,Red Pod 2 - HJ4,290,270,280,290,,,,,
22,27,27th,60070,Robo-Sapiens,Purple Pod 6 - HJ 9,285,285,225,230,,,,,
22,28,28th,10586,Da Vinci,Red Pod 2 - HJ4,270,270,250,245,,,Caught a misscore that was not in their favor,"Nice and friendly to talk and conversate with me, understood the calls I made even when I missed something the first time and asked questions when they needed to. Hand shook with me personally",
22,29,29th,58380,Lego Masters1,Green Pod 3 - HJ5,260,225,260,250,,,,,
22,30,30th,56940,RoboMasters,Yellow Pod 1 - HJ1,260,260,245,205,,,,,
22,31,31st,61406,STEAM Bots,Orange Pod 5 - HJ 8,250,250,195,175,,,,,
22,32,32nd,40997,Denman Robotics,Blue Pod 4 - HJ6,230,230,220,225,,Respectful and asked permission to do things before doing it. Were understanding and listening,,,
22,33,33rd,39190,Owlz,Orange Pod 5 - HJ 8,195,125,195,145,,,"Not sure if they tried to pretend they got a scoring by moving it manually when I wasn't looking,  but I corrected it with them at the end and they were understanding about it & agreed with me",,
22,34,34th,37489,Human Joulez,Yellow Pod 1 - HJ1,190,125,190,180,,,,,
22,35,35th,60958,Puma,Green Pod 3 - HJ5,190,160,135,190,,,,,
22,36,36th,4506,Techno Cavs,Red Pod 2 - HJ4,190,105,155,190,,,,,
23,1,1st,52070,Smilodon,Orange Pod 5 - 1711,505,310,425,505,360,,,,
23,2,2nd,57600,Delta Rovers,Purple Pod 6 - 1713,450,435,450,215,415,,,,
23,3,3rd,57977,Rockhead Robotics,Yellow Pod 1 - 1706,450,380,450,435,410,,,,Argued with ref several times. Refused to believe rules. Talking to coaches.
23,4,4th,44532,Razzle Dazzle Robotics,Blue Pod 4 - 1709,430,335,420,365,430,,,They included me in their cheer and were very supportive of each other.  They didn’t do as well as they were hoping but were happy and spirited none the less.,
23,5,5th,60320,Hepha,Blue Pod 4 - 1709,400,375,325,400,175,,,,
23,6,6th,54977,Menlo Park Narleaotters,Red Pod 2 - 1707,395,395,365,375,310,,,Not completely sure about this - but the team was very argumentative around a clear lack of meeting a scoring condition. The team was able to solve among themselves but it was getting into insults,
23,7,7th,60762,Legotronics,Yellow Pod 1 - 1706,385,315,385,310,225,,,,
23,8,8th,60100,Cobras,Purple Pod 6 - 1713,380,205,290,380,305,,,,
23,9,9th,61138,Golden Musicians,Green Pod 3 - 1708,375,345,375,340,310,,,,
23,10,10th,55513,Marvelous Moochis,Yellow Pod 1 - 1706,350,260,330,350,350,,,,
23,11,11th,30515,Rockin Robos,Orange Pod 5 - 1711,350,235,255,340,350,,,,
23,12,12th,61119,Futuristic Felines,Red Pod 2 - 1707,340,220,165,315,340,,"Incredibly patient,showed extreme empathy delaying my other team right before lunch. They tried to lift their spirits up too and keep the tournament interesting with me while we are waiting",,
23,13,13th,60215,Robotmakers,Green Pod 3 - 1708,325,285,325,215,265,,,,
23,14,14th,25572,Ctrl+T,Green Pod 3 - 1708,320,195,320,310,225,,,,
23,15,15th,56339,Electric Sources,Yellow Pod 1 - 1706,320,230,280,320,195,Cheering and supportive,,,
23,16,16th,51168,The Warriors,Orange Pod 5 - 1711,320,215,260,225,320,,,,
23,17,17th,4979,Mighty Ducks,Orange Pod 5 - 1711,310,240,185,310,240,,,,
23,18,18th,60623,Double Trouble Masterminds,Blue Pod 4 - 1709,295,155,185,295,250,,,Extremely supportive of we other and friendly to the coach.,
23,19,19th,2848,S.H.R.E.K.,Red Pod 2 - 1707,295,295,140,170,215,,I had an unclear moment when I wasn't sure whether I should count a couple of audience members and they really helped me out there. They had dropped audience members right before a grab,,
23,20,20th,17493,Krafty Kids,Blue Pod 4 - 1709,290,265,290,290,280,,,,
23,21,21st,52702,ArgoRobotics Team #3 - Argo-Haves,Yellow Pod 1 - 1706,280,220,280,215,265,Very good sportsmanship.  Friendly and cooperative,,,Had questions about scores but very gracious about it. They left an attachment at their pit and they completely accepted our telling them that they could not go back for it. Their parents were trying to be helpful by giving them other pieces that they understood why they couldn't use them.
23,22,22nd,57125,Incredibuilders,Red Pod 2 - 1707,275,200,225,275,245,,,,
23,23,23rd,51196,BunnyBots,Purple Pod 6 - 1713,265,265,240,210,195,,,,
23,24,24th,18197,SCEME Team,Blue Pod 4 - 1709,255,200,230,255,190,,,,
23,25,25th,60152,Masterpiecers,Green Pod 3 - 1708,250,180,250,185,220,,,,
23,26,26th,53893,Roaring Lions,Red Pod 2 - 1707,245,130,195,245,210,,,,
23,27,27th,61093,LEGO Nerds,Green Pod 3 - 1708,235,235,225,170,230,,,,
23,28,28th,46302,The Trampolines,Blue Pod 4 - 1709,235,235,225,85,145,,,,
23,29,29th,52943,Digital Dolphins,Orange Pod 5 - 1711,235,105,180,220,235,,,,
23,30,30th,4416,Techno Cougars,Green Pod 3 - 1708,225,145,225,175,165,,,,
23,31,31st,58665,Wildcats Allstars,Yellow Pod 1 - 1706,195,160,190,170,195,Very cooperative and good sports,,,
23,32,32nd,52522,Coding-Arsenals,Purple Pod 6 - 1713,185,185,130,150,165,,,,
23,33,33rd,60362,Master  Droids,Orange Pod 5 - 1711,175,175,165,175,165,,,,
23,34,34th,60502,Codebreakerz,Purple Pod 6 - 1713,170,155,170,130,170,,,,
23,35,35th,61856,Digital Dawgs,Purple Pod 6 - 1713,160,160,150,140,150,,,,
23,36,36th,61205,Woodland Robotics,Red Pod 2 - 1707,140,140,55,75,105,,,"Swearing, calling each other stupid, berating each other heavily for failure instead of working to make what they have function",
24,1,1st,55496,Tierra Bots,Cyan Pod7 Rm N1,540,515,480,480,540,,,"Pushy about score, kept interrupting referee along with each other.",
24,2,2nd,55726,D()lphinS,Green Pod3 Rm C3,520,520,500,380,420,,,,
24,3,3rd,60151,Best Bees,Green Pod3 Rm C3,500,500,295,360,265,,They were making very negative comments about how round went. Can't remember exact term but somewhat offensive. Team member walked far away from table to sulk when match ended,,
24,4,4th,55494,Robo Brain,Blue Pod4 Rm D1,470,470,420,470,450,Great attitude and energy,,,
24,5,5th,53890,Autorun,Orange Pod5 Rm D2,470,450,470,355,440,,,,
24,6,6th,61251,RoBosses,Purple Pod6 Rm D3,450,285,450,280,410,,,,
24,7,7th,56459,Code Warriors,Red Pod2 Rm C2,440,440,420,400,375,,,,
24,8,8th,50778,Technoblade,Orange Pod5 Rm D2,435,435,345,390,370,,,Very polite and good sportsmanship. Positive attitude.,
24,9,9th,62005,Lego Legends,Red Pod2 Rm C2,430,430,355,340,270,,,,
24,10,10th,60914,TechnoMasters,Blue Pod4 Rm D1,425,425,285,285,360,,,,
24,11,11th,60855,Gearshift,Green Pod3 Rm C3,420,420,300,420,295,,,,
24,12,12th,60496,Alternative Force,Yellow Pod 1 Rm C1,410,400,370,380,410,,,,
24,13,13th,53140,Van Gophers,Cyan Pod7 Rm N1,395,395,375,335,285,,,,
24,14,14th,61990,Mighty Minds,Orange Pod5 Rm D2,390,265,390,260,325,,,,
24,15,15th,51054,Techno Masters,Blue Pod4 Rm D1,385,385,320,335,385,,,,
24,16,16th,60868,iBots,Red Pod2 Rm C2,385,385,205,290,385,,,,
24,17,17th,55779,PowerGirls,Blue Pod4 Rm D1,380,355,320,355,380,,,,
24,18,18th,60929,Chips 'n' Bots,Green Pod3 Rm C3,375,290,155,280,375,,,,
24,19,19th,752,Lego Gagas,Yellow Pod 1 Rm C1,375,260,275,205,375,,,,
24,20,20th,60537,Mecha Masters,Blue Pod4 Rm D1,365,315,285,365,255,,Had a disappointing match but helped their team member get out of their head when they were frustrated.,,
24,21,21st,2847,Crescendo Coders,Purple Pod6 Rm D3,365,365,245,195,280,,,,
24,22,22nd,62681,Golden Eagles,Red Pod2 Rm C2,350,275,350,330,300,,,,
24,23,23rd,53854,RRAVENS,Purple Pod6 Rm D3,340,330,340,250,300,,,,
24,24,24th,56649,Innovative Energizers,Blue Pod4 Rm D1,330,315,245,330,150,,,,
24,25,25th,51095,CreaTech,Orange Pod5 Rm D2,320,290,190,320,235,,,,
24,26,26th,30497,FBI(Fascinating Bot Intelligence),Red Pod2 Rm C2,320,200,275,320,265,,,,
24,27,27th,54970,Blaze,Orange Pod5 Rm D2,320,185,225,200,320,,,,
24,28,28th,4978,Maroon Five,Green Pod3 Rm C3,305,140,305,265,295,,,,
24,29,29th,60734,Gopher Botz,Cyan Pod7 Rm N1,300,180,225,300,260,,,,
24,30,30th,59926,TechnoDragonz,Yellow Pod 1 Rm C1,300,300,215,190,175,,,,
24,31,31st,60727,Cyber Soldiers,Orange Pod5 Rm D2,295,295,295,235,165,,,,
24,32,32nd,59366,Robo-JOKKIS,Cyan Pod7 Rm N1,275,190,175,270,275,,,,
24,33,33rd,62296,In-Vinci-Bots,Cyan Pod7 Rm N1,265,265,200,170,195,,,,
24,34,34th,52481,Vision,Purple Pod6 Rm D3,260,225,250,200,260,,,,
24,35,35th,51006,H.E.R.,Yellow Pod 1 Rm C1,260,185,125,225,260,,,,
24,36,36th,60642,Code CrasherZ,Cyan Pod7 Rm N1,245,180,225,245,215,"Great energy, lots of sportsmanship",,,
24,37,37th,17491,ADOREable Fivesome,Yellow Pod 1 Rm C1,245,245,180,95,165,,,,
24,38,38th,55739,Tech_Bears,Purple Pod6 Rm D3,225,210,225,165,185,,,"Very polite, nice.",
24,39,39th,55669,Robot Dolphin,Purple Pod6 Rm D3,225,225,130,200,200,I was asking about line at rolling camera on impulse team member moved robot which moved audience members prior to count. They volunteered as a fix to take 0 points for several audience members,,,
24,40,40th,61055,Silent Builders,Yellow Pod 1 Rm C1,195,120,165,165,195,,,,
24,41,41st,52765,Dragonoids,Red Pod2 Rm C2,175,70,105,60,175,,,,
24,42,42nd,61016,Mecha-lions FLL A,,160,120,125,140,160,,,,
42,,,52561,Brilliant Beavers,Red Pod 2,0,,,,,,,,
42,,,58828,ShortCircuit,Red Pod 2,0,,,,,,,,
42,,,59559,The Masterminds,Red Pod 2,0,,,,,,,,
42,,,60383,DCS Astro Cubs,Yellow Pod 1,0,,,,,,,,
42,,,60787,Shelby,Yellow Pod 1,0,,,,,,,,
42,,,62720,The Golden Group,Yellow Pod 1,0,,,,,,,,
42,,,63993,HSS Robotics 63993,Red Pod 2,0,,,,,,,,
42,,,64724,Happy Banana,Yellow Pod 1,0,,,,,,,,
42,,,64757,Greater Than One,Yellow Pod 1,0,,,,,,,,
44,1,1st,67473,Krazy Krillionaires,YELLOW POD 1,335,260,225,335,,,,,
44,2,2nd,55976,Megamind Mechanics,RED POD 2,240,240,220,185,,,,,
44,3,3rd,60433,Sigma Squad,YELLOW POD 1,200,85,200,120,,,,,
44,4,4th,67148,Snowboard Seals,GREEN POD 3,180,95,130,180,,,,,
44,5,5th,67232,Terminators,RED POD 2,165,160,165,150,,,,,
44,6,6th,61769,Omegas,RED POD 2,160,110,115,160,,,,,
44,7,7th,60987,The fighting Pickles,RED POD 2,155,135,155,100,,,,,
44,8,8th,61166,R2-D2,GREEN POD 3,150,125,150,150,,,,,
44,9,9th,68707,HF Bears,GREEN POD 3,135,105,75,135,,,,,
44,10,10th,60956,The Stanlicorns,YELLOW POD 1,125,120,125,75,,,,Calm demeanor even during stressful situations. Very respectful and they try to be inclusive.,
44,11,11th,7434,Human Computers,GREEN POD 3,115,105,95,115,,,,,
44,12,12th,66452,TeamRuana,YELLOW POD 1,105,105,100,100,,,,,
46,1,1st,61018,Mecha Lions FLL C,RED POD 2,230,230,185,190,,,,,
46,2,2nd,66285,Alpha Zeta,YELLOW POD 1,215,215,195,215,,,,,
46,3,3rd,67058,Coral Keepers,YELLOW POD 1,215,105,215,165,,,,,
46,4,4th,57236,Electric Bricks,YELLOW POD 1,205,205,175,155,,,,,
46,5,5th,57125,Incredibuilders,RED POD 2,180,110,95,180,,,,,
46,6,6th,65065,INNO BOTS,YELLOW POD 1,175,175,145,165,,,,,
46,7,7th,60070,Robo-Sapiens,YELLOW POD 1,170,120,160,170,,,,,
46,8,8th,68216,Circuit Breakers,RED POD 2,165,165,110,140,,,,,
46,9,9th,53086,Discovery Eagles,YELLOW POD 1,160,130,160,110,,They were very patient with the referee. He made an error which caused them possibly not to score something. So after the match he explained what happened to them and they were so kind and went over what the mission would have done so that he was able to give them the score. It was just their overall demeanor they were very friendly about it and they wanted to work together you could tell that they just wanted everything to be good for everyone,Honest about a mission they did not attempt even it was partly done due force from the robot,,
46,10,10th,61017,Mecha Lions FLL B,RED POD 2,140,130,140,105,,,,,
46,11,11th,61016,Mecha Lions FLL A,RED POD 2,130,45,130,115,,,,,
46,12,12th,60981,WinsLab,RED POD 2,95,65,95,95,,,,,
47,,,5983,GOATed Griffins (5983),RED POD 2,0,,,,,,,,
47,,,7052,OP Octopi,RED POD 2,0,,,,,,,,
47,,,7453,Political Penguins,RED POD 2,0,,,,,,,,
47,,,61685,Noddin Dynabots,RED POD 2,0,,,,,,,,
47,,,61708,Squirtle,RED POD 2,0,,,,,,,,
47,,,62140,Team St.Anne,YELLOW POD 1,0,,,,,,,,
47,,,66342,KiloNuggets,YELLOW POD 1,0,,,,,,,,
47,,,66715,Oceanic Champs,YELLOW POD 1,0,,,,,,,,
47,,,66764,Celsius and Beyond ,YELLOW POD 1,0,,,,,,,,
47,,,67854,Superstars,YELLOW POD 1,0,,,,,,,,
47,,,68652,Cowculators,RED POD 2,0,,,,,,,,
47,,,68847,St.Anne Stars,YELLOW POD 1,0,,,,,,,,
48,1,1st,60069,NINDROIDS,YELLOW POD 1,365,345,190,365,,,,,
48,2,2nd,52305,Master Oogway,RED POD 2,300,195,225,300,,,,,
48,3,3rd,62005,Lego Legends,YELLOW POD 1,270,215,250,270,,,,,
48,4,4th,66759,BA Tigers,RED POD 2,260,160,220,260,,,,,
48,5,5th,60868,iBots,YELLOW POD 1,250,250,250,220,,They were very coordinated and worked well together. Also calm.,,,
48,6,6th,65018,Brickbots,RED POD 2,250,185,135,250,,,,,
48,7,7th,66894,Oceanic Explorers,RED POD 2,215,215,185,175,,,,,
48,8,8th,64757,Greater Than One,YELLOW POD 1,195,165,140,195,,,,,
48,9,9th,66965,QuestBots,YELLOW POD 1,195,120,195,155,,"don't have a robot, only here for judging",,,
48,10,10th,66827,CircuitBreakers,YELLOW POD 1,170,65,170,50,,,,,
48,11,11th,461,Terminatorz,RED POD 2,105,70,105,60,,,,,
48,12,12th,61951,Lords of the Legos,RED POD 2,0,0,0,0,,"don't have a robot, only here for judging",no robot,No robot,
49,,,5254,Golden Surfers,YELLOW POD 1,0,,,,,,,,
49,,,18197,The Nudibranchs,RED POD 2,0,,,,,,,,
49,,,60496,Alternative Force,YELLOW POD 1,0,,,,,,,,
49,,,61188,Cyber Titans@,RED POD 2,0,,,,,,,,
49,,,61205,Snacktopus,RED POD 2,0,,,,,,,,
49,,,61281,Mustang Rockets,RED POD 2,0,,,,,,,,
49,,,66111,Byte Bots,RED POD 2,0,,,,,,,,
49,,,66292,CookieBots,YELLOW POD 1,0,,,,,,,,
49,,,66961,PreposterousPlatypus,YELLOW POD 1,0,,,,,,,,
49,,,68442,Argo Team 242,YELLOW POD 1,0,,,,,,,,
49,,,68454,Argo Skibidi Bots,RED POD 2,0,,,,,,,,
49,,,69343,Ustar Ocean,YELLOW POD 1,0,,,,,,,,
50,1,1st,66110,Bot-of-Water,RED POD 2,260,140,190,260,,,,,
50,2,2nd,52142,Surfing Chickens,YELLOW POD 1,250,135,165,250,,Kept trying despite setbacks,,,
50,3,3rd,61611,Electro-Phoenix,RED POD 2,240,200,240,200,,,,,
50,4,4th,65350,Pioneering Pantheon,YELLOW POD 1,235,170,235,235,,,,,
50,5,5th,60786,Vornadoes,YELLOW POD 1,235,235,155,215,,,,,
50,6,6th,61990,MIGHTY MINDS,RED POD 2,235,235,125,195,,,,,
50,7,7th,56940,RoboMasters,YELLOW POD 1,230,220,230,215,,,,,
50,8,8th,66280,DELTABOTS,YELLOW POD 1,220,175,220,155,,,,,
50,9,9th,56339,Electric Sources,YELLOW POD 1,215,150,205,215,,,,,
50,10,10th,67092,Flame Bots,RED POD 2,215,155,215,135,,,,,
50,11,11th,60337,Circuit united,RED POD 2,185,185,115,180,,,,,
50,12,12th,65800,The Tech Titans,YELLOW POD 1,170,170,125,150,,,,,
50,13,13th,60967,Lightning Bots,RED POD 2,155,155,110,130,,,,,
50,14,14th,64898,The Brick By Brick Builders,RED POD 2,150,150,145,115,,,,,
50,15,15th,60215,Robotmakers,YELLOW POD 1,140,125,80,140,,,One team member was very upset about a broken piece. Another team member was not only supportive and positive but gave her practical advice on how to proceed.,,
50,,,60684,Hyper Technics,RED POD 2,0,,,,,,,,
51,1,1st,66233,Galaxy Guardians,YELLOW POD 1,320,245,275,320,,,,,
51,2,2nd,65125,Baybots,GREEN POD 3,310,210,310,125,,,,,
51,3,3rd,60033,Pokémon,RED POD 2,280,240,280,250,,,,,
51,4,4th,51168,The Warriors,YELLOW POD 1,265,120,130,265,,,"""Why is X crying, he never did anything. Y touched it like 17 times",,
51,5,5th,57382,RoboRise,GREEN POD 3,260,235,260,180,,,,,
51,6,6th,60152,The Game Changers,RED POD 2,235,155,235,165,,,,,
51,7,7th,68558,M-A Cubs 2,GREEN POD 3,225,175,175,225,,,,,
51,8,8th,61998,TechTitans,YELLOW POD 1,220,220,210,165,,,,,
51,9,9th,60537,Mecha Masters,YELLOW POD 1,190,155,150,190,,,,,
51,10,10th,66699,Techno Turtles,RED POD 2,180,170,60,180,,,Caught a field reset that would have gotten them more points,,
51,11,11th,66286,MasterDroids,YELLOW POD 1,170,160,170,170,,,,,
51,12,12th,10585,Code Crackers,RED POD 2,160,150,150,160,,,,,
51,13,13th,67837,Submarine Surferz,RED POD 2,145,145,135,100,,,,,
51,14,14th,60514,Staz,GREEN POD 3,130,90,95,130,,,,,
51,15,15th,58015,Spirit Robotics,RED POD 2,120,80,120,60,,"Pushed each other, but very young and frustrated so understandable",,,
51,16,16th,68559,M-A Cubs 3,GREEN POD 3,100,65,55,100,,,,,
51,17,17th,68557,M-A Cubs 1,GREEN POD 3,90,85,85,90,,Extra frustrated blaming each other,,,
52,1,1st,65258,CrypticButterflies,YELLOW POD 1,335,335,295,240,,,,,
52,2,2nd,60100,Cobras,YELLOW POD 1,310,225,145,310,,,,,
52,3,3rd,65770,CoralCrew,RED POD 2,295,240,245,295,,,,,
52,4,4th,67395,Marine Mavericks,RED POD 2,275,275,245,260,,,,,
52,5,5th,67865,HydroHackers,YELLOW POD 1,255,175,225,255,,,,,
52,6,6th,55971,Electroid Marines,RED POD 2,250,200,235,250,,,,,
52,7,7th,61950,Codettes,YELLOW POD 1,235,235,185,170,,,,,
52,8,8th,67213,Naji M Abdulla,RED POD 2,210,210,200,160,,,,,
52,9,9th,52489,Flaming Jalapenos,YELLOW POD 1,210,135,185,210,,,,,
52,10,10th,66795,Dilworth-Dragons,RED POD 2,205,200,205,165,,,,,
52,11,11th,38159,Otterly Awesome,RED POD 2,205,145,85,205,,,,,
52,12,12th,61778,Crab Surfers,RED POD 2,195,165,125,195,,,,,
52,13,13th,61185,Electrolyte Stingers,YELLOW POD 1,185,185,110,140,,,,,
52,14,14th,61055,Robotic Athletes,RED POD 2,170,60,170,125,,,,,
52,15,15th,67736,Robo Pro Max,YELLOW POD 1,160,145,160,135,,,,,
52,16,16th,65848,Cougars Techwiz,YELLOW POD 1,145,145,85,115,,,,,
53,1,1st,60388,Cosmic Motor,YELLOW POD 1,405,255,405,350,,N/A,N/A,N/A,
53,2,2nd,59703,brick-o-brainiacs pioneers,RED POD 2,325,210,325,260,,N/A,N/A,N/A,
53,3,3rd,66923,H2O Warriors,RED POD 2,275,150,275,225,,N/A,,N/A,
53,4,4th,61139,Lightning Squad,RED POD 2,270,155,270,115,,N/A,N/A,N/A,
53,5,5th,52508,Oakland Short Circuits,YELLOW POD 1,260,225,260,240,,N/A,N/A,N/A,
53,6,6th,20915,TroBots,YELLOW POD 1,255,255,240,255,,N/A,N/A,N/A,
53,7,7th,30516,Cheerios FLL-C 30516,RED POD 2,230,135,230,170,,N/A,N/K,N/A,
53,8,8th,60913,Basement Bots,YELLOW POD 1,225,175,210,225,,N/A,N/A,N/A,
53,9,9th,66202,Win-crafters,YELLOW POD 1,185,175,170,185,,N/A,N/A,N/A,
53,10,10th,61776,Tech Ninja,YELLOW POD 1,165,100,120,165,,N/A,N/A,N/A,
53,11,11th,65839,Aquastellar Innovators,RED POD 2,155,135,140,155,,N/A,N/A,N/A,
53,12,12th,66235,R0B0PE0PLE,RED POD 2,155,95,100,155,,N/A,N/A,N/A,
53,13,13th,69281,Spicy Mango Apple Generators (S.M.A.G.),YELLOW POD 1,135,135,135,110,,N/A,N/A,N/A,
53,14,14th,69118,ZiwiKiwi.Co,RED POD 2,135,40,135,125,,N/A,N/A,N/A,
53,15,15th,60702,Robochickens,YELLOW POD 1,135,85,90,135,,N/A,N/A,N/A,
53,16,16th,67290,VXL,RED POD 2,120,110,95,120,,N/A,N/A,N/A,
54,1,1st,64698,ROAR,RED POD 2,415,415,340,385,,,,,
54,2,2nd,56487,The Sea Syrens,YELLOW POD 1,330,210,330,170,,,,,
54,3,3rd,57285,Mighty Minds,RED POD 2,300,295,205,300,,,,,
54,4,4th,60050,Ustar Tech Lightning,GREEN POD 3,295,295,225,265,,,,,
54,5,5th,60291,Fusion Vortex,YELLOW POD 1,280,215,280,195,,,Note on paper,,
54,6,6th,52306,Infinite AI,YELLOW POD 1,275,210,275,210,,Swore mid match,,,
54,7,7th,67056,Wavebots,BLUE POD 4,270,270,235,270,,,,,
54,8,8th,60085,Lego Artisans,GREEN POD 3,270,270,235,135,,,,,
54,9,9th,4416,O.R.C.A,BLUE POD 4,255,245,255,220,,"Very friendly to everyone, cheered for other teams, great team spirit",Cheering and were very gracious when ref mistake was made,,
54,10,10th,61949,Ultraviolet,GREEN POD 3,235,65,235,165,,"One side of the table was struggling to complete the missions. The team members on the other side were not encouraging, but rather negative",,"Very good reaction to a false start, remained supportive of the team and didn't react negatively",
54,11,11th,25572,Octonauts,RED POD 2,230,230,210,140,,,,,
54,12,12th,4978,Otter Bots,GREEN POD 3,225,225,215,175,,,,,
54,13,13th,61167,Hydrostorm,RED POD 2,225,205,145,225,,Member offered to help me reset the field,,,
54,14,14th,60502,CodeBreakerz,BLUE POD 4,195,135,195,115,,,Very supportive of teammates and other teams,,
54,15,15th,61334,Sparks Fly,GREEN POD 3,185,110,135,185,,,,,
54,16,16th,44532,Razzle Dazzle Robotics FLL-C 44532,RED POD 2,180,180,145,145,,,,,
54,17,17th,61717,Pixel Pirates,RED POD 2,170,150,170,115,,,,Starter arguing at the field,
54,18,18th,10589,Turtle Tech,BLUE POD 4,170,75,115,170,,,.,,
54,19,19th,60533,Human Microphones,BLUE POD 4,165,130,145,165,,,,,
54,20,20th,68499,Waqar B Hashim,YELLOW POD 1,155,140,105,155,,Let us borrow a game piece,,,
54,21,21st,67459,MissionBots,GREEN POD 3,155,70,155,105,,,Shouted at and blamed each other for things going wrong,Was rude to teammate,
54,22,22nd,10586,Master Builders,YELLOW POD 1,130,110,110,130,,Yelling at each other and arguing during match,,,
54,23,23rd,66817,Reid-Hillview Airport Robotics,BLUE POD 4,115,105,115,105,,,,,
54,24,24th,66444,CyberPirates,YELLOW POD 1,115,115,100,75,,,,,
55,1,1st,61610,Argoclucks,Green Pod 3,305,245,255,305,,,,,
55,2,2nd,61168,DivingDolphins,Yellow Pod 1,275,275,170,260,,,,,
55,3,3rd,67216,Submersiwolves,Red Pod 2,265,105,265,220,,,,,
55,4,4th,66219,CougarBots,Yellow Pod 1,265,210,195,265,,,,,
55,5,5th,52090,Canary1,Red Pod 2,260,260,235,150,,,,,
55,6,6th,57759,Digital Dolphins GREY TEAM,Green Pod 3,235,145,165,235,,,,,
55,7,7th,69000,King Bob Robotics,Yellow Pod 1,205,205,115,175,,,,,
55,8,8th,52943,Digital Dolphins GREEN TEAM,Green Pod 3,200,145,105,200,,,,,
55,9,9th,68910,Digital Dolphins - White Team,Red Pod 2,190,190,145,150,,,,,
55,10,10th,53592,Tiger Robotics 1,Green Pod 3,180,145,180,165,,,,,
55,11,11th,65690,Shady Sashimi 65690,Red Pod 2,175,175,165,130,,,,,
55,12,12th,52944,Digital Dolphins BLUE TEAM,Red Pod 2,175,85,175,120,,,,,
55,13,13th,53591,Tiger Robotics 2,Red Pod 2,155,150,125,155,,,,,
55,14,14th,29151,Tiger Robotics 3,Yellow Pod 1,155,125,130,155,,,,,
55,15,15th,68218,Tiger Robotics 5,Yellow Pod 1,140,100,125,140,,,,,
55,16,16th,40997,Denman Robotics,Yellow Pod 1,135,135,110,115,,,,,
55,17,17th,37482,Team Brick 3.0 - 37482,Green Pod 3,130,55,130,90,,,,,
55,18,18th,7460,Tiger Robotics 4,Green Pod 3,105,105,95,100,,,,,
56,1,1st,60787,Shelby,Yellow Pod 1,440,335,360,440,,,,,
56,2,2nd,60338,Astrocubs,Yellow Pod 1,340,190,205,340,,,,,
56,3,3rd,8278,Titanium Turtles,Green Pod 3,280,200,280,225,,,,,
56,4,4th,68452,Argo Bears,Red Pod 2,250,100,165,250,,,,,
56,5,5th,53140,Fin Finders,Red Pod 2,235,185,230,235,,,,,
56,6,6th,66785,"Orange,Peach",Green Pod 3,235,200,205,235,,,,,
56,7,7th,4979,Aquabots,Yellow Pod 1,220,150,210,220,,,,,
56,8,8th,65978,Notre Dame Robotics - Blue Team,Green Pod 3,220,220,210,130,,,,,
56,9,9th,60869,Techno Troopers,Green Pod 3,205,180,165,205,,,,,
56,10,10th,65896,Votel /Cook - 4th Grade,Red Pod 2,205,175,205,150,,,,,
56,11,11th,8445,Ultra Mega Technologies,Yellow Pod 1,180,145,135,180,,,,,
56,12,12th,56993,SuperChargers ,Green Pod 3,175,175,165,145,,,,,
56,13,13th,65897,Garcia / Lofft - 5th Grade,Yellow Pod 1,175,130,145,175,,,,,
56,14,14th,65885,Ocean Plate Explorers,Red Pod 2,160,160,160,145,,,,,
56,15,15th,60642,Code CrasherZ,Red Pod 2,160,115,80,160,,,,,
56,16,16th,67352,BlockBuster18,Red Pod 2,150,150,140,110,,,,,
56,17,17th,67117,Super Divers ,Yellow Pod 1,130,130,70,80,,,,,
56,18,18th,2847,Aquavengers,Green Pod 3,115,60,50,115,,,,,
57,1,1st,65020,The Golden Huskies,YELLOW POD 1,300,205,300,180,,,,,
57,2,2nd,58711,Arctic Wolves,YELLOW POD 1,295,290,275,295,,,,,
57,3,3rd,61282,The Krusty Crab,RED POD 2,270,190,270,225,,,,,
57,4,4th,62681,Golden Eagles,YELLOW POD 1,255,210,215,255,,Cheeredonother team,,,
57,5,5th,61803,Techeon,RED POD 2,215,210,150,215,,,,,
57,6,6th,67840,The Submarine SharkBots,YELLOW POD 1,215,185,215,165,,,,,
57,7,7th,30518,Marine Manatees (#30518),YELLOW POD 1,195,80,150,195,,,,,
57,8,8th,52363,Terrabytes,RED POD 2,165,80,155,165,,,,,
57,9,9th,66078,Pleasanton Piranhas,RED POD 2,160,155,120,160,,,,,
57,10,10th,52522,Aqua Avatars,RED POD 2,150,150,135,125,,,,,
57,11,11th,67287,Spark Squad,RED POD 2,150,150,60,100,,,,,
57,12,12th,64706,Techactrons,YELLOW POD 1,140,85,140,115,,,,,
58,,,20710,Our Savior Lions,Yellow Pod 1,0,,,,,,,,
58,,,48793,Team Mountain House,Green Pod 3,0,,,,,,,,
58,,,56860,RoboShockers,Green Pod 3,0,,,,,,,,
58,,,60377,RI Lego Warriors,Red Pod 2,0,,,,,,,,
58,,,60447,Little Einstein,Green Pod 3,0,,,,,,,,
58,,,60753,DroidSharks,Red Pod 2,0,,,,,,,,
58,,,60855,GearShift,Red Pod 2,0,,,,,,,,
58,,,61718,MechMavericks,Green Pod 3,0,,,,,,,,
58,,,62079,Glitch Gang,Red Pod 2,0,,,,,,,,
58,,,62984,Eagle Bots 2024,Yellow Pod 1,0,,,,,,,,
58,,,65523,TechnoTitans12,Yellow Pod 1,0,,,,,,,,
58,,,65569,Tassajara Bots,Red Pod 2,0,,,,,,,,
58,,,65830,MegaBots,Red Pod 2,0,,,,,,,,
58,,,65849,4:12 Robots,Yellow Pod 1,0,,,,,,,,
58,,,65953,Infinity E-Bots,Yellow Pod 1,0,,,,,,,,
58,,,66355,Iron Dolphins,Green Pod 3,0,,,,,,,,
58,,,66490,In Lak'ech,Yellow Pod 1,0,,,,,,,,
58,,,67114,MH Vanguards,Green Pod 3,0,,,,,,,,
59,1,1st,64638,Brain Bots,YELLOW POD 1,420,240,420,400,,,Normal,,
59,2,2nd,57600,Delta Rovers,RED POD 2,335,305,335,295,,Normal,,,
59,3,3rd,56026,RoboKids,RED POD 2,335,255,335,305,,Normal,The team was very polite even though I slightly interfered with them to take away some mission models.,,
59,4,4th,56459,Code Warriors,GREEN POD 3,330,275,330,320,,Parents gave instructions to students one time.,,Were really looking out for all team members,
59,5,5th,62314,Cyber Sharks,BLUE POD 4,320,280,295,320,,,,Normal,
59,6,6th,58666,Techno Bricks,GREEN POD 3,285,275,265,285,,,,,
59,7,7th,17494,Coral Crusaders,BLUE POD 4,285,275,160,285,,,,Normal,
59,8,8th,68440,Oceanic Overlords (Argo Team 241),RED POD 2,285,225,230,285,,Normal,"Were cheering for themselves and other teams, but they were also arguing amongst themselves in the beginning while setting up.",,
59,9,9th,62268,Delta Cosmic coders,BLUE POD 4,275,240,275,205,,,,Normal,
59,10,10th,56489,Gear Girls,YELLOW POD 1,255,110,255,170,,,Normal,,
59,11,11th,67205,Robots of Atlantis,GREEN POD 3,250,190,250,220,,Encouraged one of their team members when they messed up a mission.,,,
59,12,12th,60296,Stormy Knights,YELLOW POD 1,215,110,215,145,,,Normal,,
59,13,13th,17492,Hydrospace,GREEN POD 3,190,190,170,160,,,,,
59,14,14th,65840,Graystone Ninjas,YELLOW POD 1,190,190,155,130,,,Normal,,
59,15,15th,60497,Apollo 6,YELLOW POD 1,190,110,145,190,,,Needs work,Some team members got upset at a teammate during the match but they recovered and then cheated for their team and others.,
59,16,16th,68453,Argo Team 245,BLUE POD 4,190,190,120,100,,,,Normal,
59,17,17th,25573,Otter This World,BLUE POD 4,160,160,75,150,,,Robot didnt work but team collaborated well and with opposing team,Normal,
59,18,18th,67280,Superstarz 3.0,RED POD 2,160,160,110,145,,Normal,,,
59,19,19th,67447,Cool Thunderbolts!,BLUE POD 4,155,155,65,145,,,,Normal,
59,20,20th,2848,H2LEGO,GREEN POD 3,150,150,110,110,,,,,
59,21,21st,64902,TBT,YELLOW POD 1,145,95,145,135,,,Normal,,
59,22,22nd,25571,The Innovative Inventors,GREEN POD 3,145,125,115,145,,,,,
59,23,23rd,60115,Racing Robo,RED POD 2,140,130,110,140,,Normal,They were honest about not attempting the submersible mission and said the other team caused their flag to fall down. We still gave them the points.,,
59,24,24th,65169,Terrace TechTitans,RED POD 2,125,125,75,115,,Normal,,,
60,1,1st,60759,Cat-a-Bots,Yellow Pod 1,290,265,290,290,,,,,
60,2,2nd,54977,Menlo Park Narleaotters,Yellow Pod 1,275,260,180,275,,,,,
60,3,3rd,65685,Ocean Engineers,Yellow Pod 1,240,95,240,225,,,,,
60,4,4th,65278,Hydrobots,Yellow Pod 1,235,205,235,165,,,,,
60,5,5th,67342,Sharks,Green Pod 3,225,225,150,225,,,Cheered when other team missed a mission and fought with teammates,,
60,6,6th,65595,Team Sigma,Green Pod 3,210,210,145,110,,,,,
60,7,7th,58043,Hacking Hornets,Green Pod 3,205,205,185,185,,,,,
60,8,8th,8560,ProGRAHAMers,Red Pod 2,195,150,195,150,,,,,
60,9,9th,17491,H2Flow,Yellow Pod 1,185,165,185,135,,,,,
60,10,10th,67150,Coding Ninjas,Red Pod 2,185,155,185,150,,,,,
60,11,11th,69277,Oceanic Operators,Green Pod 3,180,150,65,180,,,,,
60,12,12th,61932,BCS Golden Oceaneers,Yellow Pod 1,170,140,130,170,,,,,
60,13,13th,65979,Notre Dame Robotics - Red Team,Green Pod 3,165,155,130,165,,,,,
60,14,14th,65319,DCADS Robo Cubs,Red Pod 2,165,150,125,165,,,,,
60,15,15th,67289,Electric Eels,Red Pod 2,160,160,125,105,,,,,
60,16,16th,17493,Whale Whisperers,Green Pod 3,130,130,105,120,,,,,
60,17,17th,67149,URB Ultimate Robotic Builders,Red Pod 2,130,95,130,105,,,,,
60,18,18th,47206,Owlz,Red Pod 2,110,95,110,110,,,,,
61,1,1st,58828,Cupertino ShortCircuit,Green Pod 3,325,325,220,260,,,,,
61,2,2nd,67107,Tech Titans,Red Pod 2,270,270,205,190,,,,,
61,3,3rd,66598,Poseidon,Yellow Pod 1,250,250,95,160,,,,,
61,4,4th,2713,Phat Seals,Red Pod 2,240,235,215,240,,,,"Said good luck to other team, kind",
61,5,5th,68191,Lego Lillies,Green Pod 3,240,230,165,240,,,,"Super sweet and nice, said thank you, encouraged each other and had a chant",
61,6,6th,67186,Aquamarines,Green Pod 3,205,175,135,205,,,,,
61,7,7th,67897,Lego Legends Oak 2024,Yellow Pod 1,195,165,180,195,,,,,
61,8,8th,60354,Paradox,Yellow Pod 1,195,105,195,85,,,,,
61,9,9th,60942,Taco Shark,Green Pod 3,185,185,120,155,,,,,
61,10,10th,60297,Circuit Breakers,Yellow Pod 1,180,120,120,180,,,,,
61,11,11th,56793,BCS See Sea Blue,Green Pod 3,170,150,150,170,,,,,
61,12,12th,59937,Robo Mangal,Green Pod 3,170,170,130,95,,,,,
61,13,13th,65285,Poki Bots,Yellow Pod 1,145,125,130,145,,,,,
61,14,14th,67635,Mission LEGO Legends,Red Pod 2,140,110,120,140,,,"motivated other team, kind",,
61,15,15th,58664,Lunatics,Red Pod 2,140,80,90,140,,,,,
61,16,16th,66069,CuriousDivers,Red Pod 2,135,85,135,115,,,,,
61,17,17th,50422,DragonBots,Red Pod 2,130,105,85,130,,,,,
61,18,18th,68582,HERricanes,Yellow Pod 1,115,115,95,110,,,,,
62,,,417,Notre Dame Fighting iBots,BLUE POD 4,0,,,,,,,,
62,,,445,Matsuyama RoboPines,BLUE POD 4,0,,,,,,,,
62,,,4506,Techno Cavs,BLUE POD 4,0,,,,,,,,
62,,,53150,DigiTech,BLUE POD 4,0,,,,,,,,
62,,,56453,Donut Powered,YELLOW POD 1,0,,,,,,,,
62,,,56511,Super Charged,YELLOW POD 1,0,,,,,,,,
62,,,58380,Lego Masters1,RED POD 2,0,,,,,,,,
62,,,59922,Baxter's Builders,YELLOW POD 1,0,,,,,,,,
62,,,59943,Aqua Avengers,RED POD 2,0,,,,,,,,
62,,,60507,Team Prime,BLUE POD 4,0,,,,,,,,
62,,,60718,Rockin Robos,YELLOW POD 1,0,,,,,,,,
62,,,60756,Folsom Thunderbots,GREEN POD 3,0,,,,,,,,
62,,,60923,Artesan,GREEN POD 3,0,,,,,,,,
62,,,60996,VortexMasterminds,YELLOW POD 1,0,,,,,,,,
62,,,64889,Sea Monsters Squad,GREEN POD 3,0,,,,,,,,
62,,,65287,RoboWizards7,GREEN POD 3,0,,,,,,,,
62,,,65902,Coding Mavs,RED POD 2,0,,,,,,,,
62,,,65980,Bugatti Bulldogs #65980,GREEN POD 3,0,,,,,,,,
62,,,66034,Westpark Mech Warriors,RED POD 2,0,,,,,,,,
62,,,67074,Rad_Robos,RED POD 2,0,,,,,,,,
62,,,67461,Ocean Explorers,BLUE POD 4,0,,,,,,,,
62,,,67585,Bob the builder,GREEN POD 3,0,,,,,,,,
62,,,68040,MH Aqua Blue 9,RED POD 2,0,,,,,,,,
62,,,68202,Soaring Seastars,YELLOW POD 1,0,,,,,,,,
63,1,1st,60037,BuilderBots,Yellow Pod 1,315,295,315,290,,"Excessive arguing over referee call and calling out the other team for ""cheating""",,Very excessive arguing with multiple refs and use of disrespectful language towards others,
63,2,2nd,51095,CreaTech,Green Pod 3,280,175,225,280,,,,,
63,3,3rd,64052,ThunderBots,Yellow Pod 1,275,155,240,275,,,,,
63,4,4th,61397,PineappleBots,Red Pod 2,225,195,225,220,,,,,
63,5,5th,57344,Jiggy Guys,Red Pod 2,220,215,220,200,,,,,
63,6,6th,65841,Falcon X,Green Pod 3,220,185,220,135,,,,,
63,7,7th,64672,MechaBotz,Green Pod 3,220,135,220,155,,Pointed out a mission reset mistake which would have given advantage to the team,,,
63,8,8th,66439,Super Lego Builders,Yellow Pod 1,210,150,210,140,,,,,
63,9,9th,67722,TechnoSharks*,Yellow Pod 1,200,200,185,145,,,,,
63,10,10th,53595,Mechaminds,Red Pod 2,195,130,145,195,,,,,
63,11,11th,67102,The Goldfishies,Red Pod 2,190,190,125,180,,,,,
63,12,12th,66075,TechTitans,Red Pod 2,175,175,105,170,,Very polite and honest,,,
63,13,13th,66956,RRR Vicious Voyagers,Yellow Pod 1,170,170,105,155,,,,,
63,14,14th,67422,The Alameda Wild Turkey Gang,Green Pod 3,170,170,135,115,,,,,
63,15,15th,65691,FLL-C 65691 OCTOBOTS,Red Pod 2,160,135,160,115,,,,,
63,16,16th,68231,Everest,Green Pod 3,155,135,155,130,,,,,
63,17,17th,67669,Narahari Kotla,Green Pod 3,155,55,135,155,,,,,
63,18,18th,52765,warrior bot,Yellow Pod 1,125,100,125,125,,,,,
76,1,1st,60198,Chronobot,YELLOW POD 1,410,410,340,365,,,,,
76,2,2nd,56768,Blue Brickbots,YELLOW POD 1,250,250,185,120,,,,,
76,3,3rd,55794,Purple People Eaters FLL-C 55794,RED POD 2,225,225,215,190,,,,,
76,4,4th,66163,Dino Nuggets,YELLOW POD 1,225,225,100,175,,,,,
76,5,5th,67458,MarineX,RED POD 2,220,175,195,220,,,,,
76,6,6th,34265,Eagle Bots,YELLOW POD 1,165,105,165,135,,,,,
76,7,7th,60958,FLL-C 60958 -- The Great White Sharks,RED POD 2,155,125,155,100,,,,,
76,8,8th,39190,Owls,YELLOW POD 1,145,145,120,120,,,,,
76,9,9th,61699,The League of Lego Legends,RED POD 2,125,105,95,125,,,,,
76,10,10th,59992,Team Scylla,RED POD 2,105,100,85,105,,,,,
76,11,11th,69218,Gale Wind,YELLOW POD 1,90,55,90,65,,,,,
77,1,1st,65953,Infinity E-Bots,Green Pod 3 - HJ5,420,420,345,360,395,,,,
77,2,2nd,60388,Cosmic Motor,Purple Pod 6 - HJ 9,410,410,280,395,345,,,,
77,3,3rd,56860,RoboShockers,Blue Pod 4 - HJ6,385,350,275,340,385,,,,
77,4,4th,60507,Team Prime,Yellow Pod 1 - HJ1,375,295,240,365,375,,,"Had a couple scoring disputes, which they handled very politely and professional.",
77,5,5th,59703,brick-o-brainiacs pioneers,Yellow Pod 1 - HJ1,375,340,375,240,355,,,Team was touching field before scoring was completed,
77,6,6th,61708,Squirtle,Blue Pod 4 - HJ6,360,340,315,345,360,,,,Lots of spirit
77,7,7th,60198,Chronobot,Yellow Pod 1 - HJ1,350,350,210,325,350,,,"Team corrected a lost precision token I missed, and graciously accepted field elements being removed when they were touched by a person outside of allowed areas",
77,8,8th,60037,BuilderBots,Red Pod 2 - HJ4,345,275,220,345,285,,,"Great team spirit, try to comfort the member who failed the mission","Arguing with ref after final score, cursed and blaming each other"
77,9,9th,7052,OP Octopi,Orange Pod 5 - HJ 8,345,220,225,255,345,,,,
77,10,10th,60923,Artesan,Green Pod 3 - HJ5,340,215,195,340,300,,,,
77,11,11th,52090,Canary1,Red Pod 2 - HJ4,290,240,290,260,250,,,,
77,12,12th,64052,ThunderBots,Orange Pod 5 - HJ 8,285,265,285,155,170,,,,
77,13,13th,53595,Mechaminds,Orange Pod 5 - HJ 8,280,215,280,205,225,,,,
77,14,14th,60377,RI Lego Warriors,Purple Pod 6 - HJ 9,275,220,130,275,245,,,,
77,15,15th,51095,CreaTech,Yellow Pod 1 - HJ1,275,165,240,165,275,,,,
77,16,16th,65287,RoboWizards7,Yellow Pod 1 - HJ1,270,270,225,230,250,,,,
77,17,17th,61139,Lightning Squad,Blue Pod 4 - HJ6,260,260,195,255,255,,,,One technician pulled another out of the way during the match.
77,18,18th,417,Notre Dame Fighting iBots,Red Pod 2 - HJ4,260,205,260,235,225,,,,Shook my hand not many other teams did that
77,19,19th,61610,Argoclucks,Purple Pod 6 - HJ 9,255,195,245,255,170,,,,
77,20,20th,60855,GearShift,Purple Pod 6 - HJ 9,245,245,150,240,210,,,,
77,21,21st,68202,Soaring Seastars,Blue Pod 4 - HJ6,240,175,220,225,240,,,,
77,22,22nd,56768,Blue Brickbots,Green Pod 3 - HJ5,235,195,190,205,235,,,,
77,23,23rd,60718,Rockin Robos,Orange Pod 5 - HJ 8,230,145,180,230,130,,The team members were yelling to other members over the game. They can show better respect and trust to others.,,Students had an inappropriate conversation with one of our volunteers that may have been made in joking manner but was inappropriate regardless - Miguel
77,24,24th,55971,Electroid Marines,Red Pod 2 - HJ4,225,225,180,195,190,,,"Cheerful spirit, very polite and respectful",
77,25,25th,67216,Submersiwolves,Green Pod 3 - HJ5,210,90,210,160,190,,,,
77,26,26th,5983,GOATed Griffins (5983),Blue Pod 4 - HJ6,190,165,175,190,135,,,,
77,27,27th,67722,TechnoSharks*,Orange Pod 5 - HJ 8,185,185,180,165,100,,,,
77,28,28th,66439,Super Lego Builders,Purple Pod 6 - HJ 9,185,125,110,155,185,,,,
77,29,29th,55794,Purple People Eaters FLL-C 55794,Green Pod 3 - HJ5,170,170,145,135,145,Corrected a scoring error which game them too many points.,,,
77,30,30th,445,Matsuyama RoboPines,Red Pod 2 - HJ4,145,135,145,125,145,,,,
110,1,1st,65125,Baybots,Green Pod 3 - 1708,440,440,345,435,375,,,,
110,2,2nd,58828,Cupertino ShortCircuit,Orange Pod 5 - 1711,435,330,290,275,435,,,,
110,3,3rd,60085,Lego Artisans,Blue Pod 4 - 1709,430,350,430,390,415,,,,
110,4,4th,61281,Mustang Rockets,Orange Pod 5 - 1711,410,410,375,320,285,,,,
110,5,5th,60537,Mecha Masters,Yellow Pod 1 - 1706,405,240,405,310,360,,Very organized and helpful and polite to ref. More than usual.,,Had a cheer
110,6,6th,57382,RoboRise,Purple Pod 6 - 1713,390,355,340,390,285,,,,
110,7,7th,64698,ROAR,Yellow Pod 1 - 1706,380,325,280,275,380,,Did not listen to ref to correct illegal launches,,Had a cheer
110,8,8th,65258,CrypticButterflies,Orange Pod 5 - 1711,370,370,300,350,285,,,,
110,9,9th,54977,Menlo Park Narleaotters,Purple Pod 6 - 1713,370,370,320,340,295,,,,
110,10,10th,60100,Cobras,Red Pod 2 - 1707,360,190,360,240,230,,,,
110,11,11th,67395,Marine Mavericks,Yellow Pod 1 - 1706,345,345,335,280,230,,,,
110,12,12th,66233,Galaxy Guardians,Blue Pod 4 - 1709,320,295,235,320,255,,,,
110,13,13th,60496,Alternative Force,Orange Pod 5 - 1711,315,300,315,285,205,,,,
110,14,14th,65020,The Golden Huskies,Blue Pod 4 - 1709,315,270,245,230,315,,,,
110,15,15th,2713,Phat Seals,Red Pod 2 - 1707,300,205,225,300,300,,,,
110,16,16th,60291,Fusion Vortex,Purple Pod 6 - 1713,300,300,210,260,225,,,,
110,17,17th,65278,Hydrobots,Orange Pod 5 - 1711,295,240,215,275,295,,,,
110,18,18th,67865,HydroHackers,Red Pod 2 - 1707,295,260,190,155,295,,Had a team cheer,,
110,19,19th,61205,Snacktopus,Blue Pod 4 - 1709,295,190,190,295,140,,,,
110,20,20th,67056,Wavebots,Green Pod 3 - 1708,275,275,210,225,275,,,,
110,21,21st,56487,The Sea Syrens,Orange Pod 5 - 1711,275,240,95,275,270,,,,
110,22,22nd,61950,Codettes,Blue Pod 4 - 1709,275,160,205,275,150,,Team remains calm and make good decisions on the flight.,,
110,23,23rd,58043,Hacking Hornets,Green Pod 3 - 1708,255,180,245,185,255,,,Had a cheer,
110,24,24th,66069,CuriousDivers,Yellow Pod 1 - 1706,250,190,250,250,220,,Exceptionally nice to each other.,,Had a cheer
110,25,25th,67342,Sharks,Green Pod 3 - 1708,250,250,200,235,160,,,,
110,26,26th,4416,O.R.C.A,Purple Pod 6 - 1713,245,175,245,190,235,,,,
110,27,27th,60354,Paradox,Red Pod 2 - 1707,245,145,185,245,225,"Great team spirit, listening well and receive feedbacks. Good team dynamic",,,
110,28,28th,25572,Octonauts,Orange Pod 5 - 1711,245,185,150,245,135,,,,
110,29,29th,52363,Terrabytes,Red Pod 2 - 1707,235,220,105,235,215,,"Had a cheer, both for team intro and on sidelines",,
110,30,30th,38159,Otterly Awesome,Blue Pod 4 - 1709,235,200,195,235,220,,,,
110,31,31st,61685,Noddin Dynabots,Green Pod 3 - 1708,235,175,170,180,235,,,Had a cheer,
110,32,32nd,62681,Golden Eagles,Yellow Pod 1 - 1706,225,175,195,225,215,,,,"Had a nice cheer, showed enthusiasm"
110,33,33rd,52508,Oakland Short Circuits,Purple Pod 6 - 1713,225,205,105,180,225,,,,
110,34,34th,65285,Poki Bots,Yellow Pod 1 - 1706,215,195,175,195,215,,,,Had a cheer
110,35,35th,56793,BCS See Sea Blue,Purple Pod 6 - 1713,210,200,210,140,155,,,"Trusting each other, no yelling under pressure",
110,36,36th,51168,The Warriors,Purple Pod 6 - 1713,210,210,160,195,170,,,,
110,37,37th,60152,The Game Changers,Green Pod 3 - 1708,180,180,150,120,155,,,Had a cheer,
110,38,38th,66292,CookieBots,Yellow Pod 1 - 1706,175,150,175,130,170,,,,Had a cheer and a group hug
110,39,39th,60533,Human Microphones,Red Pod 2 - 1707,175,175,80,120,110,"Work well under pressure, team spirit remains high in facing failure",,,
110,40,40th,66961,PreposterousPlatypus,Blue Pod 4 - 1709,160,75,160,150,105,,,,
110,41,41st,10585,Code Crackers,Green Pod 3 - 1708,160,110,125,135,160,,,,
110,42,42nd,67287,Spark Squad,Red Pod 2 - 1707,140,140,90,130,100,,,,
111,1,1st,64638,Brain Bots,Yellow Pod 1 -  HK201,540,525,400,540,485,,,,
111,2,2nd,62314,Cyber Sharks,Orange Pod 5 -  HK301,500,410,500,500,450,,,,
111,3,3rd,60787,Shelby,Green Pod 3 -  HK219,460,415,460,355,410,,,,
111,4,4th,62268,Delta Cosmic coders,Green Pod 3 -  HK219,455,270,260,455,350,,,,
111,5,5th,65840,Graystone Ninjas,Green Pod 3 -  HK219,450,285,450,350,305,,,,
111,6,6th,57600,Delta Rovers,Purple Pod 6 -  HK302,440,440,365,425,280,,,,
111,7,7th,60069,NINDROIDS,Red Pod 2 -  HK202,415,395,330,415,385,,,,
111,8,8th,48793,Team Mountain House,Yellow Pod 1 -  HK201,405,315,405,355,395,,,,
111,9,9th,62984,Eagle Bots 2024,Red Pod 2 -  HK202,405,325,385,405,365,,,,
111,10,10th,65018,Brickbots,Yellow Pod 1 -  HK201,375,315,375,365,335,,,,
111,11,11th,66285,Alpha Zeta,Purple Pod 6 -  HK302,375,305,345,320,375,,,,
111,12,12th,60868,iBots,Red Pod 2 -  HK202,355,335,355,270,355,,,,Cheerful and positive in any situation
111,13,13th,56940,RoboMasters,Red Pod 2 -  HK202,355,335,355,185,255,,,,
111,14,14th,67473,Krazy Krillionaires,Blue Pod 4 -  HK222,330,330,270,295,295,,,,
111,15,15th,62005,Lego Legends,Blue Pod 4 -  HK222,320,320,245,250,220,,,,
111,16,16th,65569,Tassajara Bots,Red Pod 2 -  HK202,290,200,290,180,235,,,,
111,17,17th,65978,Notre Dame Robotics - Blue Team,Blue Pod 4 -  HK222,290,230,195,155,290,,,,
111,18,18th,56459,Code Warriors,Yellow Pod 1 -  HK201,285,140,255,285,245,,,,
111,19,19th,58666,Techno Bricks,Yellow Pod 1 -  HK201,285,285,225,195,155,,,,
111,20,20th,60338,Astrocubs,Green Pod 3 -  HK219,280,280,270,270,270,,,,
111,21,21st,58380,Lego Masters1,Red Pod 2 -  HK202,275,275,150,245,250,,,,
111,22,22nd,65690,Shady Sashimi 65690,Orange Pod 5 -  HK301,270,270,175,245,260,,,,
111,23,23rd,53140,Fin Finders,Orange Pod 5 -  HK301,270,260,170,205,270,,,,
111,24,24th,66894,Oceanic Explorers,Purple Pod 6 -  HK302,265,265,180,220,190,,,,
111,25,25th,67150,Coding Ninjas,Blue Pod 4 -  HK222,260,190,260,245,250,,,,
111,26,26th,56489,Gear Girls,Purple Pod 6 -  HK302,250,245,190,250,230,,,,
111,27,27th,20915,TroBots,Purple Pod 6 -  HK302,245,155,155,245,130,,,,
111,28,28th,61611,Electro-Phoenix,Blue Pod 4 -  HK222,240,190,185,240,205,,,,
111,29,29th,55976,Megamind Mechanics,Green Pod 3 -  HK219,235,235,185,200,235,,,,
111,30,30th,60981,WinsLab,Orange Pod 5 -  HK301,235,180,75,235,230,,,,
111,31,31st,66110,Bot-of-Water,Orange Pod 5 -  HK301,235,155,160,135,235,,,,
111,32,32nd,61990,MIGHTY MINDS,Orange Pod 5 -  HK301,225,100,190,215,225,,,,
111,33,33rd,4979,Aquabots,Green Pod 3 -  HK219,225,225,145,210,190,,,,
111,34,34th,57125,Incredibuilders,Yellow Pod 1 -  HK201,220,190,190,220,210,,,,
111,35,35th,8278,Titanium Turtles,Yellow Pod 1 -  HK201,220,205,220,115,165,,,,
111,36,36th,53592,Tiger Robotics 1,Orange Pod 5 -  HK301,210,210,165,140,130,,,,
111,37,37th,56339,Electric Sources,Green Pod 3 -  HK219,180,180,125,120,120,,,,
111,38,38th,60958,FLL-C 60958 -- The Great White Sharks,Red Pod 2 -  HK202,175,175,75,100,165,,,,
111,39,39th,67232,Terminators,Purple Pod 6 -  HK302,165,115,140,120,165,,,,
111,40,40th,67058,Coral Keepers,Blue Pod 4 -  HK222,150,150,150,65,120,,,,
111,41,41st,60956,The Stanlicorns,Blue Pod 4 -  HK222,140,45,95,105,140,,,,
111,42,42nd,60642,Code CrasherZ,Purple Pod 6 -  HK302,125,70,125,100,120,,,,
118,1,1st,70135,WorkInProgress,Red Pod 2,355,335,355,335,,,,,
118,2,2nd,59559,Hawktonauts,Yellow Pod 1,340,300,260,340,,,"Very cool alignment system, efficient attachments",,
118,3,3rd,60425,Protobot,Green Pod 3,255,160,235,255,,,,,
118,4,4th,66522,The Placeholders,Yellow Pod 1,220,200,220,210,,,,,
118,5,5th,65501,The Ocean Fighters,Red Pod 2,220,220,95,205,,,,,
118,6,6th,70148,TerraKnights,Green Pod 3,220,135,180,220,,,,,
118,7,7th,68929,Shrimp Ninja Supreme,Yellow Pod 1,195,195,180,135,,,,,
118,8,8th,67749,ML Infinity Bots,Red Pod 2,190,190,145,140,,,,,
118,9,9th,68590,Fremont Wizwards,Yellow Pod 1,190,120,120,190,,,,,
118,10,10th,68921,Dragon_1,Red Pod 2,185,120,150,185,,,,,
118,11,11th,66736,SAN RAMON ROBOS,Green Pod 3,175,175,160,155,,,,,
118,12,12th,65026,Brick Brains,Yellow Pod 1,170,170,165,165,,,,,
118,13,13th,66208,Bob the Builders,Green Pod 3,165,135,65,165,,,,,
118,14,14th,60028,Dublin Robotics Club Genesis,Red Pod 2,130,100,110,130,,,,,
118,15,15th,69297,Robolabs Curiosity,Red Pod 2,115,105,115,80,,,Over the top teammate support and team spirit.,,
118,16,16th,67111,AI Masters,Green Pod 3,95,95,80,80,,,,,
118,17,17th,68695,Marine Masterminds,Yellow Pod 1,65,60,60,65,,,,,
118,,,69962,Robolabs Wind,Green Pod 3,0,,,,,,,,
119,1,1st,66438,Fearsome 5,Yellow Pod 1,295,295,255,225,,,,,
119,2,2nd,67086,Any Fling,Yellow Pod 1,295,205,295,130,,Had a cheer,,,
119,3,3rd,66066,blue_bobcat,Green Pod 3,230,225,230,225,,,,,
119,4,4th,65572,Lego Llamas,Red Pod 2,225,145,225,160,,,,,
119,5,5th,70221,BroBots - SBR Team Sunnyvale,Yellow Pod 1,210,150,210,125,,,2 members seem to not get along too well,,
119,6,6th,66986,CCDS Krillers,Green Pod 3,195,195,135,150,,,,,
119,7,7th,69207,Depth,Red Pod 2,190,130,175,190,,,,,
119,8,8th,68659,It's Raining Legos,Yellow Pod 1,185,155,155,185,,,,,
119,9,9th,67668,Robo Warriors,Red Pod 2,185,145,185,130,,,,,
119,10,10th,66816,Seven Seas,Green Pod 3,175,175,135,150,,,,,
119,11,11th,65321,DCADS - Astro Cubs,Green Pod 3,155,155,115,145,,,,,
119,12,12th,63333,Jaguars,Yellow Pod 1,155,145,155,60,,,,,
119,13,13th,65320,DCADS - Cyber Cubs,Red Pod 2,155,70,155,105,,,,,
119,14,14th,61246,Hedgie Power,Green Pod 3,145,145,145,130,,,,,
119,15,15th,70238,Trapped in Union City,Yellow Pod 1,120,100,120,120,,,,,
119,16,16th,69748,Just Bob,Green Pod 3,120,80,120,120,,,,,
119,17,17th,66137,Build Guild - SBR Team Cupertino,Red Pod 2,120,120,105,75,,Had an argument btwn 2 people at the start,,,
119,18,18th,69747,Boa Conductors,Red Pod 2,105,105,105,85,,,,,
120,1,1st,61692,Blue Bots,RED POD 2,300,300,300,190,,,,,
120,2,2nd,69947,Megalobot,YELLOW POD 1,275,275,240,175,,,,,
120,3,3rd,68412,QuantumBots,YELLOW POD 1,270,180,270,200,,,,,
120,4,4th,68221,"20,000 Legos Under the Sea",YELLOW POD 1,205,190,160,205,,,,,
120,5,5th,67841,The Striker Bots,RED POD 2,195,195,155,150,,,,,
120,6,6th,65801,Pink Potato Chips,YELLOW POD 1,195,150,195,120,,,Let ref know they shouldn't get credit for a mission that hadn't been reset properly. Their whole demeanor was polite and respectful. ,,
120,7,7th,65193,DECT,YELLOW POD 1,175,145,175,155,,,,,
120,8,8th,70178,Crystal Springs Uplands Middle School 1,RED POD 2,170,70,100,170,,,,,
120,9,9th,67557,Sun Valley Challenge,RED POD 2,160,105,135,160,,,,,
120,10,10th,67430,BayBots,RED POD 2,150,90,150,110,,,,,
120,11,11th,68164,Springer Lego-logists,RED POD 2,145,105,140,145,,,,,
120,12,12th,66668,Springer Legonauts,YELLOW POD 1,145,125,110,145,,,,,
120,13,13th,66045,BrickSlayers2.0,RED POD 2,140,140,120,100,,,,,
120,14,14th,66875,Famous Lego Lords,YELLOW POD 1,125,85,125,110,,,,,
121,1,1st,68726,Daedalus Bots,RED POD 2,245,245,130,230,,,,,
121,2,2nd,45629,Dragon Bots,RED POD 2,220,150,220,145,,,,,
121,3,3rd,65892,Code Queens,RED POD 2,210,170,210,120,,,,,
121,4,4th,66511,Tech Titans,RED POD 2,195,155,195,100,,,,,
121,5,5th,65072,Master Builders,RED POD 2,175,120,150,175,,,,,
121,6,6th,65273,LEGOnardo da Vinci,RED POD 2,170,170,160,160,,,,,
121,7,7th,67727,Thunderbolts,YELLOW POD 1,165,160,165,165,,,,,
121,8,8th,60141,Banayays,YELLOW POD 1,130,130,125,125,,,,,
121,9,9th,69571,Hydro-Electric Sharks,YELLOW POD 1,130,130,100,120,,,,,
121,10,10th,59696,Energizers,YELLOW POD 1,125,75,125,100,,,,,
121,11,11th,68643,House of Coders,YELLOW POD 1,115,105,115,95,,,,,
121,12,12th,70140,The Infinity Builders 1,RED POD 2,90,90,75,75,,,,,
121,13,13th,65019,The Ravens,YELLOW POD 1,80,50,65,80,,,,,
121,14,14th,68174,Sundrop Robotics - Albany,YELLOW POD 1,65,65,,,,,,,
122,1,1st,66820,Leadways FBI,Red Pod 2,330,325,255,330,,,,,
122,2,2nd,61406,Quantum Robotics,Yellow Pod 1,265,165,265,220,,,,,
122,3,3rd,69751,Bubby Rules the World,Green Pod 3,260,260,240,210,,,,,
122,4,4th,47622,The Intellects,Yellow Pod 1,225,155,120,225,,,,,
122,5,5th,58665,Lunatics 2 (Wildcats),Green Pod 3,215,215,205,120,,,,,
122,6,6th,66906,SuperAqua,Red Pod 2,215,215,195,185,,,,,
122,7,7th,66044,Red Raptors,Yellow Pod 1,210,130,150,210,,,,,
122,8,8th,39742,The Legos,Green Pod 3,205,150,120,205,,,,,
122,9,9th,69767,Banned in 49 states,Green Pod 3,190,190,185,170,,,,,
122,10,10th,63874,MasterBuilder3,Green Pod 3,180,180,135,160,,,,,
122,11,11th,69357,Foothill Spring League Team (69357),Red Pod 2,180,115,105,180,,,,,
122,12,12th,69238,The Commas,Red Pod 2,175,160,155,175,,,,,
122,13,13th,69015,Quantum Robotics T2,Yellow Pod 1,170,170,160,160,,,,,
122,14,14th,63308,I Want Food,Yellow Pod 1,160,70,135,160,,,,,
122,15,15th,58668,Hyper Technics 2 (Techno Sharks),Green Pod 3,155,115,110,155,,,,,
122,16,16th,47621,Oreo Pandas,Red Pod 2,150,145,150,95,,,,,
122,17,17th,67645,Foothill Spring League Team (67645),Red Pod 2,120,120,50,50,,,,,
122,18,18th,20975,FMS Recreational Spring League Team (20975),Yellow Pod 1,95,55,95,75,,,Polite and professional always,,
123,1,1st,68861,Technic Pythons,Green Pod 3,335,265,235,335,,,,,
123,2,2nd,67946,Sea Sigmas,Red Pod 2,260,260,130,225,,,,,
123,3,3rd,65868,Robotic Sigmas,Green Pod 3,255,195,255,155,,,,,
123,4,4th,70000,Bulldog Bots,Red Pod 2,225,120,225,225,,,,,
123,5,5th,66337,IJAVVE,Yellow Pod 1,225,225,135,200,,,,,
123,6,6th,68894,Mustang Four'ce,Yellow Pod 1,205,95,205,95,,,,,
123,7,7th,68226,NinjaRobo$,Green Pod 3,185,110,185,180,,,,,
123,8,8th,69250,Surfer_Sharks!,Red Pod 2,180,110,120,180,,,,,
123,9,9th,61351,RRR Rockets,Yellow Pod 1,165,95,140,165,,,coaching from audience after warming,,
123,10,10th,66756,Cryptobots,Yellow Pod 1,160,130,130,160,,,,,
123,11,11th,62969,Straw Hat Dragons,Green Pod 3,155,125,155,150,,,,,
123,12,12th,69572,Hydro Hackers,Red Pod 2,150,120,75,150,,,,,
123,13,13th,59995,Bricks you step on,Green Pod 3,150,60,150,95,,,,,
123,14,14th,61938,ZE Gamers,Red Pod 2,140,130,115,140,,,,,
123,15,15th,44835,Ninja NERDles,Yellow Pod 1,120,120,85,110,,,,,
128,1,1st,56271,Mechanical Arts,Red Pod 2,235,180,235,195,,Arguing within team,,,
128,2,2nd,69653,Robo Legends,Yellow Pod 1,220,210,220,195,,,,,
128,3,3rd,69595,TechnoBots,Green Pod 3,215,215,145,130,,,,,
128,4,4th,68377,Gemini,Green Pod 3,180,180,130,105,,Good cheer up if missions went wrong,,,
128,5,5th,67440,BayBots,Green Pod 3,175,135,175,175,,,,,
128,6,6th,61093,Golden Dolphins,Yellow Pod 1,165,145,165,95,,,,,
128,7,7th,70153,rickroll,Red Pod 2,165,140,140,165,,,,,
128,8,8th,66603,Fletcher Robotigers,Yellow Pod 1,155,130,120,155,,,,,
128,9,9th,69065,Mustang QuadRacers,Red Pod 2,150,150,85,60,,,,,
128,10,10th,67407,Robot Thunder X,Green Pod 3,145,140,100,145,,,,,
128,11,11th,68960,Poseidon Engineers,Yellow Pod 1,145,135,145,120,,,,,
128,12,12th,70300,DCADS Exo Cubs,Green Pod 3,140,125,120,140,,,,,
128,13,13th,67678,RoboSquad,Yellow Pod 1,115,115,90,70,,,,,
128,14,14th,66920,SparkleBots1,Yellow Pod 1,110,105,105,110,,,,,
128,15,15th,68775,Little Scholar ACE,Green Pod 3,95,50,95,60,,Shouting at each other,,,
128,16,16th,66739,Lakshmi Adusumilli,Red Pod 2,0,0,0,0,,No Show,No show,No show,
128,16,16th,67142,Dreamers,Red Pod 2,0,0,0,0,,,No show,No show,
128,16,16th,69253,The Marines,Red Pod 2,0,0,0,0,,No show,No Show,No Show,
173,1,1st,71343,GoldenBots,RED POD 2,400,390,340,400,,good job,,,
173,2,2nd,67107,Tech Titans,YELLOW POD 1,370,270,265,370,,,,,
173,3,3rd,66292,CookieBots,RED POD 2,340,320,340,290,,good job,,,
173,4,4th,64898,Circuit Breakers,YELLOW POD 1,330,220,330,330,,,,,
173,5,5th,66163,Dino Nuggets (Ketchup),RED POD 2,325,265,325,290,,Good job,,,
173,6,6th,65501,Artifact Masters,YELLOW POD 1,320,320,260,300,,,,,
173,7,7th,71909,League of Lego Legends,RED POD 2,285,285,285,255,,Good job,,,
173,8,8th,7052,Dynamite Dinosaurs,YELLOW POD 1,280,145,280,255,,"Cheered for other team, very encouraging under stress",,,
173,9,9th,68231,Everest,RED POD 2,250,210,250,240,,,,,
173,10,10th,60152,The Game Changers,YELLOW POD 1,245,170,245,225,,,"Extremely positive, cheered a lot",,
173,11,11th,10589,Archybots,YELLOW POD 1,210,150,200,210,,,,,
173,12,12th,7453,ChronoCrafters,RED POD 2,210,210,195,165,,,,,
174,1,1st,52561,Brilliant Beavers,Yellow Pod 1,420,420,410,335,,,,,
174,2,2nd,4978,4978,Green Pod 3,390,340,235,390,,,,,
174,3,3rd,71598,WIP,Green Pod 3,390,300,390,310,,,,,
174,4,4th,70538,Shovel Buddies,Red Pod 2,375,245,370,375,,,,,
174,5,5th,67727,Thunderbolts,Yellow Pod 1,375,300,320,375,,,,,
174,6,6th,70487,Circuit Brakers,Green Pod 3,340,110,305,340,,,,,
174,7,7th,61803,Robosaurs,Yellow Pod 1,330,330,225,175,,,"One student in particular was being rude to his teammates, after the match ended a teammate had to ask him to stop being rude",,
174,8,8th,52305,Master Oogway,Green Pod 3,300,130,205,300,,,,,
174,9,9th,34265,EagleBots,Yellow Pod 1,255,200,255,160,,,,"One student in particular was being rude to his teammates, after the match ended a teammate had to ask him to stop being rude",
174,10,10th,68894,GyroBots,Green Pod 3,250,250,190,250,,,,,
174,11,11th,71538,Dino Diggers,Yellow Pod 1,250,195,210,250,,,,,
174,12,12th,60296,Stormy Knights,Green Pod 3,250,195,185,250,,,,,
174,13,13th,10585,Code Crackers,Yellow Pod 1,195,145,170,195,,,,,
174,14,14th,60433,Sigma Squad,Red Pod 2,190,170,190,155,,,,,
174,15,15th,61769,Omegas,Red Pod 2,165,155,165,165,,,,,
174,16,16th,60987,The fighting pickles,Red Pod 2,160,120,160,160,,,,,
174,17,17th,68707,The HF Glitch Mob - Syntax Terror,Red Pod 2,160,80,130,160,,,,,
174,18,18th,60956,The Stanlicorns,Red Pod 2,140,90,80,140,,,,,
175,1,1st,68861,Technic Pythons,GREEN POD 3,455,445,365,455,,,,We're great about pointing out referee error. They felt they didn't deserve points for map reveal and explained it well. Good sports. Very polite,
175,2,2nd,72257,Lego Benders,RED POD 2,350,350,310,325,,,,,
175,3,3rd,71326,Lightning R7,GREEN POD 3,310,285,310,270,,,,,
175,4,4th,61685,Union Megatrons,RED POD 2,310,255,175,310,,,,,
175,5,5th,53140,Fin Finders,GREEN POD 3,310,155,165,310,,"This was the issue with them saying someone else in the room activated Bluetooth and took over their robot. After we explained that it was impossible, they continued to insist The team continued to push back. The parents wanted to defy the rules and speak to me directly. They continued to push on the tournament director. It was so bad that the behavior of the parents should reflect on the team at this point. ",,,
175,6,6th,67841,The Striker Bots,YELLOW POD 1,295,295,185,295,,,,,
175,7,7th,72384,Kinetic Bots,RED POD 2,270,270,175,215,,,,,
175,8,8th,66756,Cryptobots,YELLOW POD 1,265,205,235,265,,,,,
175,9,9th,68216,Circuit Breakers,GREEN POD 3,260,250,260,165,,,,,
175,10,10th,67430,BayBots,YELLOW POD 1,250,220,250,235,,,,,
175,11,11th,68726,Daedalus Bots,YELLOW POD 1,240,220,230,240,,,,,
175,12,12th,61932,BCS Gold Miners,RED POD 2,95,80,95,75,,"This was the issue with them saying someone else in the room activated Bluetooth and took over their robot. After we explained that it was impossible, they continued to insist. This team joined with the other running at the same time but did not push as hard",,,
176,1,1st,71804,Astrobot,Red Pod 2,440,400,440,380,,,,,
176,2,2nd,60507,Team Prime,Red Pod 2,400,155,400,400,,,,,
176,3,3rd,72905,Argo Robotics Team 251,Red Pod 2,400,320,400,390,,,,,
176,4,4th,66075,TechTitans,Red Pod 2,380,295,380,335,,,,,
176,5,5th,61406,Quantum Bots,Green Pod 3,360,360,310,350,,,,,
176,6,6th,68960,Seismic Cyborgs,Green Pod 3,360,360,310,330,,,,,
176,7,7th,61055,Robotic Athletes,Yellow Pod 1,315,280,225,315,,,,,
176,8,8th,72123,Dig Deep Discoverers,Yellow Pod 1,280,215,265,280,,,,,
176,9,9th,71435,Servo Dei,Yellow Pod 1,280,280,150,170,,,,,
176,10,10th,71252,Lions,Yellow Pod 1,275,265,275,250,,,,,
176,11,11th,61776,Tech Ninja,Green Pod 3,270,195,260,270,,,,Several parts found to be significantly worn-possibly intentional as well as a separate robot of different design submitted for judging was found in the tournament area that was claimed to be owned by team.,
176,12,12th,72151,Miniona Jones,Green Pod 3,260,260,260,210,,,,,
176,13,13th,56489,Gear Girls,Yellow Pod 1,240,200,240,165,,,,,
176,14,14th,30497,FBI(Fascinating Bot Intelligence),Red Pod 2,220,220,185,205,,,,,
176,15,15th,72102,The Radical Robots,Red Pod 2,205,175,205,135,,,,,
176,16,16th,445,Mighty Robo Pines,Yellow Pod 1,160,140,160,155,,,,,
176,17,17th,20710,Our Savior Lions,Green Pod 3,115,115,105,95,,,,,
177,1,1st,67840,The Submarine SharkBots,Red Pod 2,440,410,440,330,,,,,
177,2,2nd,71606,Lego Legends,Green Pod 3,420,420,335,285,,,,,
177,3,3rd,67092,Flame Bots,Red Pod 2,400,375,260,400,,,,,
177,4,4th,72055,Almaden Ninjas,Yellow Pod 1,380,380,370,325,,,,,
177,5,5th,65020,The Golden Huskies,Yellow Pod 1,375,340,345,375,,,,,
177,6,6th,57382,RoboRise,Red Pod 2,375,375,345,300,,,,,
177,7,7th,2848,2848,Red Pod 2,335,335,310,285,,,,,
177,8,8th,65072,Master Builders,Green Pod 3,270,255,165,270,,,,,
177,9,9th,65065,INNO BOTS,Yellow Pod 1,260,230,235,260,,,,,
177,10,10th,65193,Worm Hole,Green Pod 3,230,225,230,150,,,,,
177,11,11th,60702,Robochickens,Green Pod 3,220,220,155,165,,,,,
177,12,12th,7434,The Human Computers,Green Pod 3,220,145,155,220,,,,,
177,13,13th,20915,TroBots,Yellow Pod 1,200,200,145,170,,,,,
177,14,14th,74114,LEGONEERS,Red Pod 2,160,85,160,130,,,,,
177,15,15th,72670,SPHINX,Red Pod 2,150,135,150,150,,,,,
177,16,16th,69281,The RoboSnailRabbits,Yellow Pod 1,140,100,140,130,,,,,
177,17,17th,67232,Terminators,Green Pod 3,140,140,95,85,,,,,
177,18,18th,69118,The Eggsplorers,Yellow Pod 1,130,120,115,130,,,,,
178,1,1st,66444,CyberPirates,RED POD 2,360,270,335,360,,,,,
178,2,2nd,72909,Argo Robotics Team 255,RED POD 2,340,340,270,330,,,,,
178,3,3rd,71128,MidKnight Marvels,RED POD 2,280,185,150,280,,,,,
178,4,4th,61949,Ultraviolet,YELLOW POD 1,260,235,240,260,,,,,
178,5,5th,17493,17493,YELLOW POD 1,260,190,140,260,,He a chant and very energetic cheered on both teams,,,
178,6,6th,72379,SBR TEAM ORANGE,YELLOW POD 1,220,220,175,215,,,,,
178,7,7th,72366,Muir Robotics Blue,GREEN POD 3,185,155,185,180,,,,,
178,8,8th,66137,Build Guild - SBR,GREEN POD 3,185,175,175,185,,,,,
178,9,9th,72298,Muir Robotics Gold,YELLOW POD 1,155,105,155,155,,,,,
178,10,10th,72380,SBR TEAM GREEN,RED POD 2,150,115,125,150,,"Swearing, not optimistic complaining",,"Complained about score a lot, arguing and bold other team",
178,11,11th,25573,25573,GREEN POD 3,145,130,125,145,,,,,
178,12,12th,72371,SBR TEAM RED,GREEN POD 3,135,80,115,135,,,,Excited through it all good teamwork and had good spirit overall,
179,1,1st,65258,CrypticButterflies,Yellow Pod 1,480,445,480,385,,,,,
179,2,2nd,58828,ShortCircuit,Green Pod 3,450,375,450,410,,,,,
179,3,3rd,67473,Relic Raiders,Red Pod 2,395,395,255,375,,,,,
179,4,4th,60868,iBots,Red Pod 2,390,355,390,390,,,,,
179,5,5th,52363,TerraBytes,Green Pod 3,375,365,350,375,,,,,
179,6,6th,65783,AI 4 Future,Yellow Pod 1,340,340,310,330,,,,,
179,7,7th,38159,Otterly Awesome,Green Pod 3,340,340,300,330,,,,,
179,8,8th,66511,Tech Titans,Yellow Pod 1,335,285,305,335,,,,,
179,9,9th,65278,Hydrobots,Red Pod 2,320,320,230,250,,,,,
179,10,10th,73520,Data Miners,Yellow Pod 1,295,270,295,280,,,,,
179,11,11th,72627,Brick Explorers,Red Pod 2,280,270,220,280,,,,,
179,12,12th,61611,Electro-Phoenix,Yellow Pod 1,280,280,225,230,,,,,
179,13,13th,25571,2847,Green Pod 3,275,245,270,275,,,,,
179,14,14th,67745,Dig 4 Future,Red Pod 2,265,165,185,265,,,,,
179,15,15th,71799,Codemanders,Red Pod 2,250,190,250,230,,,,,
179,16,16th,64672,MechaBotz,Green Pod 3,250,250,190,220,,,,,
179,17,17th,67213,Quail Run Warriors,Green Pod 3,240,200,240,220,,,,,
179,18,18th,73005,Cougar Bots 2025,Yellow Pod 1,220,220,210,170,,,,,
180,1,1st,67216,Submersiwolves,Yellow Pod 1,365,360,365,365,,,,,
180,2,2nd,52090,Canary1,Red Pod 2,360,295,355,360,,Very respectful and attentive to instructions,,"Honest in scoring; mistake in scoring that allowed them to score more points, but came back to correct scoring.",
180,3,3rd,66219,CougarBots,Green Pod 3,310,300,310,275,,,,,
180,4,4th,69000,King Khai Robotics,Red Pod 2,275,225,275,270,,,,,
180,5,5th,52944,Digital Dolphins BLUE TEAM,Yellow Pod 1,270,250,240,270,,,,,
180,6,6th,52943,Digital Dolphins GREEN TEAM,Yellow Pod 1,270,225,270,245,,Proactively called out broken pieces for the next team,,,
180,7,7th,69977,FireDragons of CAIS,Red Pod 2,240,165,110,240,,,,,
180,8,8th,72904,Tiger Robotics 6,Red Pod 2,230,190,230,205,,,,,
180,9,9th,68910,Digital Dolphins - YELLOW TEAM,Yellow Pod 1,230,135,190,230,,,,,
180,10,10th,57759,Digital Dolphins GREY TEAM,Yellow Pod 1,225,165,225,210,,,,,
180,11,11th,37489,FLL-C 37489,Red Pod 2,225,150,210,225,,,"Cheered on other team, very supportive.",,
180,12,12th,53592,Tiger Robotics 1,Green Pod 3,220,190,190,220,,,,,
180,13,13th,45629,Dragon Bots,Yellow Pod 1,220,160,220,160,,,,,
180,14,14th,72833,Mckinely1,Red Pod 2,185,110,185,85,,,,,
180,15,15th,68218,Tiger Robotics 5,Green Pod 3,180,115,120,180,,,,,
180,16,16th,29151,Tiger Robotics 3,Green Pod 3,155,130,150,155,,,,,
180,17,17th,7460,Tiger Robotics 4,Green Pod 3,145,135,70,145,,,,,
180,18,18th,40997,Denman Robotics,Green Pod 3,135,130,135,135,,,,,
181,1,1st,64638,Brain Bots,BLUE POD 4,510,510,290,445,,,,,
181,2,2nd,64698,ROAR,RED POD 2,415,330,370,415,,,,,
181,3,3rd,69207,Depth,YELLOW POD 1,400,295,400,370,,,,,
181,4,4th,67086,Any Fling,RED POD 2,380,330,380,300,,,,,
181,5,5th,71331,Next Team,GREEN POD 3,370,265,285,370,,,,,
181,6,6th,71101,BotSpark,GREEN POD 3,350,250,255,350,,,,Need to be reminded of rules again and again,
181,7,7th,60869,Techno Troopers,YELLOW POD 1,340,340,330,340,,,,,
181,8,8th,71616, brick bots,GREEN POD 3,330,230,295,330,,,,,
181,9,9th,67635,Mission LEGO Legends,BLUE POD 4,330,205,330,295,,,,,
181,10,10th,68575,Titan-Botics,GREEN POD 3,315,280,275,315,,,,,
181,11,11th,67813,Gears in Motion,BLUE POD 4,310,275,310,300,,,,,
181,12,12th,752,Almaden Minors,RED POD 2,280,270,240,280,,,,,
181,13,13th,72717,Robohawks,GREEN POD 3,250,250,225,210,,,,,
181,14,14th,52522,Heat Hackers,GREEN POD 3,245,145,210,245,,,,,
181,15,15th,72775,Bayarea Lego-nauts,RED POD 2,240,200,160,240,,,,,
181,16,16th,72910,Argo Robotics Team 256,BLUE POD 4,240,135,155,240,,,,,
181,17,17th,69218,Big Cheezus,BLUE POD 4,230,215,145,230,,,,,
181,18,18th,60514,The Time Travellers,YELLOW POD 1,225,160,190,225,,,,,
181,19,19th,67289,Electric Eels,RED POD 2,225,140,180,225,,,,,
181,20,20th,60502,CodeBreakerz,YELLOW POD 1,215,195,215,215,,,,,
181,21,21st,71892,Tech Titans,RED POD 2,210,100,210,200,,,,"Parents interfered. Kids were not participating, arguing with each other",
181,22,22nd,60533,Crypt Coders,YELLOW POD 1,210,175,210,165,,,,,
181,23,23rd,73480,Tech Titans,BLUE POD 4,180,105,135,180,,"Parent interfered, team members blamed each other",,,
181,24,24th,71535,Logic Linked Fox,YELLOW POD 1,155,155,135,140,,,,,
182,1,1st,72592,Fantastic Five,RED POD 2,280,265,280,265,,,,,
182,2,2nd,71922,Pixelated Panthers,GREEN POD 3,250,175,225,250,,,,,
182,3,3rd,75058,MegaBots,RED POD 2,245,175,245,175,,,,,
182,4,4th,72081,INNO BOTS 1,RED POD 2,220,205,195,220,,,,,
182,5,5th,65158,Tierra Linda,YELLOW POD 1,205,205,155,190,,,,,
182,6,6th,74365,Master4Minds,YELLOW POD 1,185,140,180,185,,,,,
182,7,7th,66736,SAN RAMON ROBOS,GREEN POD 3,185,165,185,115,,,,,
182,8,8th,74990,St. Anselm School Rookies,YELLOW POD 1,175,120,65,175,,,,,
182,9,9th,60141,St. Anselm School Panthers,GREEN POD 3,130,35,120,130,,,,,
182,10,10th,72482,MWA Robotics Club,RED POD 2,125,75,55,125,,,,,
182,11,11th,71110,RobotiCi,YELLOW POD 1,85,40,20,85,,,,,
182,,,73489,RoboBlachsters,GREEN POD 3,0,,,,,,,,
183,1,1st,71232,Aura100%,Yellow Pod 1,380,285,380,295,,,,,
183,2,2nd,72068,DVMS Robotics,Yellow Pod 1,370,295,370,285,,,,,
183,3,3rd,67150,Coding Ninjas,Yellow Pod 1,360,165,250,360,,,,,
183,4,4th,71969,HUNTRX,Green Pod 3,340,340,310,330,,,,,
183,5,5th,71713,BuildHers,Green Pod 3,340,130,340,330,,,,,
183,6,6th,66280,DELTABOTS,Green Pod 3,340,240,305,340,,,,,
183,7,7th,60418,Hedgedroid,Red Pod 2,340,300,340,250,,,,,
183,8,8th,65685,FLL-C 65685,Red Pod 2,285,285,265,215,,,,,
183,9,9th,71755,Avolving_Earthbots,Red Pod 2,280,280,145,210,,,,,
183,10,10th,70550,BionicPanthers,Yellow Pod 1,270,265,270,190,,,,,
183,11,11th,17491,17491,Green Pod 3,270,210,270,255,,,,,
183,12,12th,67422,The Alameda Wild Turkey Gang,Red Pod 2,270,250,270,220,,,,,
183,13,13th,51095,CreaTech,Yellow Pod 1,235,235,185,230,,,,,
183,14,14th,72906,Argo Robotics Team 252,Green Pod 3,235,235,145,205,,,Team needs to stay positive when things go wrong,,
183,15,15th,71418,SALADS2025,Red Pod 2,160,135,160,160,,,,,
183,16,16th,39190,Owls,Green Pod 3,160,150,160,135,,,,,
183,17,17th,37811,OwOls,Yellow Pod 1,135,115,135,85,,,,,
183,18,18th,47206,Owlz,Red Pod 2,125,125,95,105,,,,,
185,1,1st,64757,Brain Bot,YELLOW POD 1,230,195,200,230,,,,,
185,2,2nd,72610,Lightning Raiders,RED POD 2,225,215,225,225,,,,,
185,3,3rd,61167,Mighty 'Mine'ons,RED POD 2,225,205,175,225,,,,,
185,4,4th,72207,St. Cecilia Robotics 8th Grade,YELLOW POD 1,185,135,95,185,,,,,
185,5,5th,10586,The Peanut Botters,YELLOW POD 1,160,100,160,160,,,,,
185,6,6th,71805,Robo Crushers,YELLOW POD 1,155,115,155,105,,,,,
185,7,7th,72979,St. Cecilia Robotics 2,RED POD 2,150,115,135,150,,,,,
186,1,1st,66208,Bob the Builders,YELLOW POD 1,335,305,315,335,,,,,
186,2,2nd,8278,Titanium Turtles,RED POD 2,315,270,315,310,,,,,
186,3,3rd,60497,Apollo 6,GREEN POD 3,315,275,315,300,,,,,
186,4,4th,65319,DCADS Robo Cubs,YELLOW POD 1,300,250,265,300,,,,,
186,5,5th,73699,Cambrian Titans,GREEN POD 3,290,240,200,290,,,,,
186,6,6th,73368,Guardians of the Ground,GREEN POD 3,260,260,205,245,,,,,
186,7,7th,72968,robojets,RED POD 2,250,175,250,250,,,,,
186,8,8th,74164,M-A Cubs 5,GREEN POD 3,250,185,160,250,,,,,
186,9,9th,70221,BroBots - SBR,RED POD 2,220,165,195,220,,,,,
186,10,10th,65885,Ocean Plate Explorers,YELLOW POD 1,205,205,205,190,,,,,
186,11,11th,74113,Undecided Team 7-8,RED POD 2,205,205,140,180,,,,,
186,12,12th,71480,Westlake Robotics ,YELLOW POD 1,110,110,100,60,,,,,
187,1,1st,73516,Dino Nuggets (BBQ),Green Pod 3,380,380,360,245,,,,,
187,2,2nd,65026,Brick Brains,Red Pod 2,360,255,215,360,,,,,
187,3,3rd,60996,VortexMasterminds,Red Pod 2,330,260,310,330,,,,,
187,4,4th,56511,Super Charged,Yellow Pod 1,300,300,270,235,,,,,
187,5,5th,66923,H2O Warriors,Green Pod 3,295,235,295,205,,,,,
187,6,6th,71888,Prime Builders,Yellow Pod 1,280,270,255,280,,,,,
187,7,7th,71669,TheCodeBlooded4,Red Pod 2,280,210,280,235,,,,,
187,8,8th,61718,MechMavericks,Green Pod 3,275,240,230,275,,,,,
187,9,9th,66342,KiloNuggets,Yellow Pod 1,260,260,135,260,,,,,
187,10,10th,72651,Coding Buddies ,Red Pod 2,260,210,260,250,,,,,
187,11,11th,61610,Argoclucks,Red Pod 2,260,180,145,260,,,,,
187,12,12th,65902,Coding Mavs,Yellow Pod 1,240,145,240,145,,,,,
187,13,13th,66034,Westpark Mech Warriors,Yellow Pod 1,225,195,225,195,,,,,
187,14,14th,68191,Lego Lillies,Yellow Pod 1,220,210,210,220,,,,,
187,15,15th,60354,Helios Suns,Green Pod 3,210,165,210,190,,,,,
187,16,16th,67290,VXL,Red Pod 2,200,190,200,155,,,,,
187,17,17th,67058,Earth Angels,Green Pod 3,185,165,155,185,,,,,
187,18,18th,66044,Red Raptors,Green Pod 3,175,135,135,175,,"Arguing with refs, the team was warned not to pick up before coming to home area, two warnings, they picked robot six times outside home area.",,"Not good attitude at all, they are arguing",
188,1,1st,70178,Crystal Springs Uplands Middle School 1,RED POD 2,450,450,360,400,,,,,
188,2,2nd,54977,Menlo Park Narleaotters,GREEN POD 3,350,330,350,260,,,,,
188,3,3rd,70849,ML Infinity Bots,GREEN POD 3,350,305,350,290,,,,,
188,4,4th,66820,Leadways FBI,RED POD 2,340,340,320,335,,,,,
188,5,5th,71981,Robo-Relics,YELLOW POD 1,330,320,330,260,,,,,
188,6,6th,56768,Blue Brickbots,YELLOW POD 1,310,310,255,155,,,,,
188,7,7th,71306,Wingin' It,GREEN POD 3,240,85,155,240,,,,,
188,8,8th,25572,25572,YELLOW POD 1,220,120,220,195,,,,,
188,9,9th,73146,Master Builders,RED POD 2,190,140,145,190,,,,,
188,10,10th,72884,Starlight Scouts,RED POD 2,180,150,180,160,,,,,
188,11,11th,5254,Golden Surfers,GREEN POD 3,125,125,115,115,,,,,
188,12,12th,71481,Westlake Robotics Soar,YELLOW POD 1,125,125,75,105,,,High spirit to do better,,
189,1,1st,68040,MH Quantum,BLUE POD 4,465,375,320,465,,,,,
189,2,2nd,62984,Eagle Bots 2025,RED POD 2,435,290,435,375,,,,,
189,3,3rd,65868,Robotic Sigmas,RED POD 2,410,400,290,410,,,,,
189,4,4th,60718,Rockin Robos,BLUE POD 4,380,380,230,255,,,,,
189,5,5th,59703,brick-o-brainiacs pioneers,RED POD 2,345,305,285,345,,,,,
189,6,6th,57285,Mighty Minds,YELLOW POD 1,340,335,340,275,,,,,
189,7,7th,66920,SparkleBots1,RED POD 2,340,195,230,340,,,,,
189,8,8th,48793,Mountain House,YELLOW POD 1,330,180,330,300,,,,,
189,9,9th,60855,GearShift,BLUE POD 4,315,315,245,275,,,,,
189,10,10th,65287,RoboWizards7,GREEN POD 3,310,310,265,195,,,,,
189,11,11th,73068,Tracy Tech Titans,BLUE POD 4,300,190,180,300,,,,,
189,12,12th,67056,Wavebots,RED POD 2,295,215,295,200,,,,,
189,13,13th,61139,Lightning Squad,YELLOW POD 1,290,250,290,290,,,,,
189,14,14th,68202,Curious Earthlings,GREEN POD 3,290,290,245,260,,,,,
189,15,15th,72907,Argo Robotics Team 253,YELLOW POD 1,265,265,250,225,,,,,
189,16,16th,37484,FLL-C 37484,YELLOW POD 1,260,260,165,235,,,,,
189,17,17th,67074,Rad_Robos,GREEN POD 3,255,255,215,165,,,,,
189,18,18th,72697,Vortex Dynamics,BLUE POD 4,245,215,225,245,,,,,
189,19,19th,64889,Sea Monsters Squad,GREEN POD 3,240,240,210,210,,,,,
189,20,20th,65273,LEGOnardo da Vinci,GREEN POD 3,240,175,240,175,,,,,
189,21,21st,72060,Robo Wizards,RED POD 2,230,230,230,230,,,,,
189,22,22nd,55739,Tech_Bears,GREEN POD 3,200,180,95,200,,,,,
189,23,23rd,73717,Artanators,BLUE POD 4,200,155,175,200,,,,,
189,24,24th,72908,Argo Robotics Team 254,YELLOW POD 1,180,180,145,135,,,,,
190,1,1st,60085,Lego Artisans,Green Pod 3,465,465,445,285,,,,,
190,2,2nd,70148,TerraKnights,Green Pod 3,375,325,350,375,,,,,
190,3,3rd,30516,Cheerios FLL-C 30516,Yellow Pod 1,350,340,350,300,,,,,
190,4,4th,61692,Blue Bots,Yellow Pod 1,340,340,245,235,,,,,
190,5,5th,72044,Earth Giants,Red Pod 2,310,225,310,260,,,,Insisted on the fairness of the game by taking away a token that the ref missed. Good sportsmanship to the other competing team,
190,6,6th,8560,ProGRAHAMers,Yellow Pod 1,295,255,295,210,,,,,
190,7,7th,12287,Pantherbots JV,Green Pod 3,280,180,280,105,,,,,
190,8,8th,72923,Waffle,Yellow Pod 1,265,265,230,205,,,,,
190,9,9th,9726,Stampede,Green Pod 3,260,260,225,130,,,,,
190,10,10th,32759,LEGOstangs,Yellow Pod 1,200,160,200,180,,,,,
190,11,11th,56793,BCS Blue Team: Paleo-Paws,Yellow Pod 1,195,170,195,145,,,,,
190,12,12th,18197,Flashfang,Green Pod 3,190,135,110,190,,,,,
190,13,13th,67149,Imagination Lab School Team,Red Pod 2,185,180,145,185,,,,,
190,14,14th,17492,17492,Green Pod 3,180,155,105,180,,,,,
190,15,15th,68558,M-A Cubs 2,Red Pod 2,140,140,120,140,,,,,
190,16,16th,68559,M-A Cubs 3,Red Pod 2,105,60,105,65,,,,,
190,17,17th,68560,M-A Cubs 4,Red Pod 2,90,50,90,30,,,,,
190,18,18th,68557,M-A Cubs 1,Red Pod 2,75,50,75,65,,,,,
191,1,1st,17494,17494,YELLOW POD 1,505,385,425,505,,Corrected me when I accidentally scored a mission they didn't do,,,
191,2,2nd,71920,RoboWizards,YELLOW POD 1,420,300,290,420,,Smirked at other teams failure,,,
191,3,3rd,72540,TBD123,RED POD 2,370,360,370,290,,They corrected me when I gave them extra points,,,
191,4,4th,2847,2847,RED POD 2,335,210,275,335,,,,,
191,5,5th,2713,CTRL-Xcavators,YELLOW POD 1,330,280,330,290,,,,,
191,6,6th,4979,4979,RED POD 2,315,240,265,315,,,,They were very positive and were changing in the end even when there robot stopped,
191,7,7th,65801,Pink Potato Chips,RED POD 2,290,165,270,290,,"One girl was screaming at the other, and were mean to each other even though they were doing good.",,,
191,8,8th,4416,4416,YELLOW POD 1,275,265,275,270,,They supported the other team and were very positive,,Cheered on the other team when they where sad,
191,9,9th,53591,Tiger Robotics 2,RED POD 2,260,225,215,260,,,,,
191,10,10th,60942,Excavators,YELLOW POD 1,245,195,245,195,,They were very mean to one team member for not performing up to their standards,,,
191,11,11th,74425,Andromeda,YELLOW POD 1,200,190,200,125,,,They helped find a missing piece for other team during match,,
191,12,12th,64902,TBT,RED POD 2,140,115,125,140,,,,,
192,1,1st,62268,Delta Cosmic Coders 2025,YELLOW POD 1,405,320,360,405,,,,,
192,2,2nd,65841,Falcon X,GREEN POD 3,350,310,350,350,,,,,
192,3,3rd,70765,The Paleo Coders,GREEN POD 3,340,280,320,340,,,,,
192,4,4th,56482,Brawl Bros,YELLOW POD 1,325,310,230,325,,,,,
192,5,5th,70238,Trapped in Union City,RED POD 2,290,260,290,290,,,,,
192,6,6th,67854,Superstars,RED POD 2,270,145,230,270,,,,,
192,7,7th,72421,EarthCreators,RED POD 2,230,220,230,195,,,,,
192,8,8th,71907,Quarks,GREEN POD 3,230,180,195,230,,,,,
192,9,9th,73341, Blitz Bots ,GREEN POD 3,225,220,95,225,,,,,
192,10,10th,67186,Diggnation,RED POD 2,220,180,220,155,,,,,
192,11,11th,61600,Allstars Dolphins,YELLOW POD 1,195,195,175,165,,,,,
192,12,12th,73948,Stratford Osgood,YELLOW POD 1,105,80,65,105,,,,,
193,1,1st,60033,Pokémon ,RED POD 2,300,300,260,245,,,,,
193,2,2nd,66764,Celsius and Beyond ,YELLOW POD 1,290,290,200,155,,,,Great team chant and enthusiasm.,
193,3,3rd,66785,"Orange,Peach",YELLOW POD 1,265,215,260,265,,,,,
193,4,4th,66816,Six Stars,YELLOW POD 1,255,225,185,255,,,,,
193,5,5th,73528,Zap Squad,RED POD 2,240,230,220,240,,,,,
193,6,6th,73526,Evergreen Mangoes,YELLOW POD 1,230,185,210,230,,,Outstanding teamwork and enthusiasm. Unique team cheer and poster to encourage technicians.,,
193,7,7th,74260,Brickaneers,RED POD 2,190,145,165,190,,,,,
193,8,8th,61017,Mecha Lions FLL B,RED POD 2,185,160,105,185,,,,,
193,9,9th,66078,Pleasanton Explorers,YELLOW POD 1,155,115,155,155,,,,,
193,10,10th,73527,EV Lutions,YELLOW POD 1,145,85,145,125,,,,,
193,11,11th,61016,Mecha Lions FLL A,RED POD 2,135,125,135,120,,,,,
193,12,12th,73529,K-Pop LEGO Hunters,RED POD 2,115,80,75,115,,,,,
194,1,1st,72433,Blach Unearthed Odyssey,RED POD 2,330,230,250,330,,,,,
194,2,2nd,65018,Brickbotsfll,YELLOW POD 1,275,255,245,275,,,,,
194,3,3rd,30517,Ice Cream Sundays FLL-C 30517,YELLOW POD 1,270,270,150,185,,,,,
194,4,4th,72104,Techwiz 2.0,YELLOW POD 1,260,210,260,245,,,,,
194,5,5th,72841,Haripriya Vangara,RED POD 2,260,215,175,260,,Argued with ref about handoff...a little😅,,,
194,6,6th,73984,PSV C0ders,RED POD 2,230,145,230,205,,,Honest team,,
194,7,7th,58666,Allstars Techno Bricks,RED POD 2,230,170,230,145,,,,,
194,8,8th,461,Terminatorz,RED POD 2,195,160,190,195,,,,,
194,9,9th,61938,ZE Gamers,YELLOW POD 1,190,190,175,190,,Maintained temper,Referee greeting 👍,,
194,10,10th,73282,Epsilon Scorpii,YELLOW POD 1,160,120,160,160,,,,Honest about the scores and didn't push team members even during pressure situations,
194,11,11th,24392,Firedragons,RED POD 2,160,95,30,160,,,,Showed good spirit to bounce back from low score,
194,12,12th,71504,Little lego miners,YELLOW POD 1,110,110,90,75,,,,,
267,1,1st,61406,Quantum Bots,Blue Pod 4,455,425,440,340,455,,,,
267,2,2nd,48793,Mountain House,Red Pod 2,455,260,420,455,300,,,,They pointed out a scoring error which resulted in fewer points for them
267,3,3rd,64638,Brain Bots,Red Pod 2,450,445,400,450,390,,,,
267,4,4th,52363,TerraBytes,Yellow Pod 1,450,450,340,425,315,,"- Chanted for the tea, for the duration of the Match
Said good luck when other team didn't",,
267,5,5th,60718,Rockin Robos,Blue Pod 4,440,245,305,200,440,,,,"They gave the other team loads of encouragement 
Cheered on the other team a lot"
267,6,6th,62268,Delta Cosmic Coders 2025,Yellow Pod 1,430,260,315,360,430,,,,
267,7,7th,70765,The Paleo Coders,Yellow Pod 1,410,380,400,410,325,,,,
267,8,8th,67216,Submersiwolves,Green Pod 3,400,380,200,320,400,,,,
267,9,9th,72651,Coding Buddies ,Green Pod 3,400,265,400,370,300,,,,
267,10,10th,70238,Trapped in Union City,Green Pod 3,385,285,385,360,350,,,,
267,11,11th,64889,Sea Monsters Squad,Green Pod 3,380,380,285,370,380,,,,
267,12,12th,68202,Curious Earthlings,Red Pod 2,375,375,375,300,295,Very respectful to our team mates,,,
267,13,13th,60507,Team Prime,Blue Pod 4,370,320,325,370,345,,,,
267,14,14th,61139,Lightning Squad,Blue Pod 4,360,225,360,340,360,,,,
267,15,15th,64898,Circuit Breakers,Orange Pod 5,360,360,280,340,230,,,,
267,16,16th,66292,CookieBots,Yellow Pod 1,350,250,305,335,350,,Awesome self advocacy about mission model improperly built,,
267,17,17th,68575,Titan-Botics,Orange Pod 5,345,335,345,315,275,,,,
267,18,18th,72257,Lego Benders,Orange Pod 5,335,255,335,335,325,,,,
267,19,19th,65902,Coding Mavs,Orange Pod 5,330,260,220,200,330,,,,
267,20,20th,70849,ML Infinity Bots,Orange Pod 5,325,205,225,320,325,,,,
267,21,21st,66764,Celsius and Beyond ,Yellow Pod 1,305,115,260,280,305,,,,
267,22,22nd,72421,EarthCreators,Blue Pod 4,290,270,240,280,290,,,,
267,23,23rd,51095,CreaTech,Red Pod 2,290,265,290,235,280,,,,
267,24,24th,30517,Ice Cream Sundays FLL-C 30517,Red Pod 2,290,255,220,290,260,,,,
267,25,25th,52305,Master Oogway,Red Pod 2,280,195,195,280,175,,,,
267,26,26th,66816,Six Stars,Blue Pod 4,270,265,270,245,195,,,,
267,27,27th,72151,Miniona Jones,Green Pod 3,245,245,145,165,215,,,,
267,28,28th,74260,Brickaneers,Green Pod 3,225,215,225,190,210,,,,
267,29,29th,37489,FLL-C 37489,Orange Pod 5,225,205,195,170,225,,,,
267,30,30th,10586,The Peanut Botters,Yellow Pod 1,125,125,95,125,100,,,,
268,1,1st,60868,iBots,Teal Blue Pod 7 - Rm 1710,515,515,495,470,375,,,,
268,2,2nd,60085,Lego Artisans,Red Pod 2 - Rm 1705,515,370,375,410,515,,,,
268,3,3rd,68861,Technic Pythons,Dk Blue Pod 4 - Rm 1707,500,430,410,460,500,,,,
268,4,4th,65258,CrypticButterflies,Yellow Pod 1 - Rm 1704,485,485,425,430,430,,,,
268,5,5th,71606,Lego Legends,Green Pod 3 - Rm 1706,480,385,480,320,380,,,,
268,6,6th,71713,BuildHers,Yellow Pod 1 - Rm 1704,470,295,470,460,260,,,,
268,7,7th,72905,Argo Robotics Team 251,Purple Pod 6 - Rm 1709,470,470,405,380,400,,,,
268,8,8th,52561,Brilliant Beavers,Orange Pod 5 - Rm 1708,465,265,375,415,465,,,,
268,9,9th,67840,The Submarine SharkBots,Purple Pod 6 - Rm 1709,465,380,405,385,465,,,,
268,10,10th,64698,ROAR,Dk Blue Pod 4 - Rm 1707,465,315,325,320,465,,,,
268,11,11th,72433,Blach Unearthed Odyssey,Orange Pod 5 - Rm 1708,460,245,460,410,400,,,,
268,12,12th,60418,Hedgedroid,Green Pod 3 - Rm 1706,445,210,385,275,445,,,,
268,13,13th,71232,Aura100%,Teal Blue Pod 7 - Rm 1710,440,340,440,400,385,,,,Technician moved mission into scoring position by hand at end of match.
268,14,14th,60033,Pokémon ,Gray Pod 8 - Rm 1711,440,380,385,365,440,,,,
268,15,15th,57382,RoboRise,Gray Pod 8 - Rm 1711,435,400,430,435,400,"Very Polite, Great Setup; Instructions for Ref: Gave me heads up about mission that I could have interfered with.",,,
268,16,16th,58828,ShortCircuit,Orange Pod 5 - Rm 1708,435,365,435,405,420,,,,
268,17,17th,70148,TerraKnights,Orange Pod 5 - Rm 1708,430,315,430,325,405,,,,
268,18,18th,54977,Menlo Park Narleaotters,Red Pod 2 - Rm 1705,425,400,330,325,425,,,,
268,19,19th,66208,Bob the Builders,Green Pod 3 - Rm 1706,425,275,325,425,330,,,,
268,20,20th,67107,Tech Titans,Yellow Pod 1 - Rm 1704,425,320,330,305,425,,,,
268,21,21st,66820,Leadways FBI,Yellow Pod 1 - Rm 1704,410,270,340,410,320,,,,
268,22,22nd,67092,Flame Bots,Orange Pod 5 - Rm 1708,395,385,395,380,365,,,,
268,23,23rd,72068,DVMS Robotics,Purple Pod 6 - Rm 1709,380,370,255,380,305,,,,
268,24,24th,4979,4979,Purple Pod 6 - Rm 1709,380,300,380,245,245,,,,
268,25,25th,56768,Blue Brickbots,Red Pod 2 - Rm 1705,375,375,155,370,335,,,,
268,26,26th,70538,Shovel Buddies,Gray Pod 8 - Rm 1711,375,375,295,330,320,,,,
268,27,27th,71331,Next Team,Purple Pod 6 - Rm 1709,375,265,185,375,255,,,,
268,28,28th,61949,Ultraviolet,Yellow Pod 1 - Rm 1704,370,245,355,370,250,,,,
268,29,29th,60497,Apollo 6,Orange Pod 5 - Rm 1708,350,315,265,260,350,,,,
268,30,30th,61685,Union Megatrons,Teal Blue Pod 7 - Rm 1710,335,260,335,290,325,,,,
268,31,31st,38159,Otterly Awesome,Gray Pod 8 - Rm 1711,330,220,280,270,330,,,,
268,32,32nd,71598,WIP,Dk Blue Pod 4 - Rm 1707,330,280,140,250,330,Disorganized ,,,
268,33,33rd,60855,GearShift,Green Pod 3 - Rm 1706,325,225,135,325,290,,,,
268,34,34th,71616, brick bots,Teal Blue Pod 7 - Rm 1710,320,175,320,315,230,,,,
268,35,35th,66511,Tech Titans,Red Pod 2 - Rm 1705,320,240,290,300,320,Hanging Over Wall,,,
268,36,36th,60869,Techno Troopers,Gray Pod 8 - Rm 1711,310,175,310,310,185,,,,
268,37,37th,34265,EagleBots,Yellow Pod 1 - Rm 1704,310,310,280,285,290,,,,
268,38,38th,71920,RoboWizards,Purple Pod 6 - Rm 1709,305,195,115,180,305,,,,
268,39,39th,2848,2848,Yellow Pod 1 - Rm 1704,300,205,300,280,290,,,,
268,40,40th,72104,Techwiz 2.0,Red Pod 2 - Rm 1705,300,300,240,290,210,,,,
268,41,41st,8560,ProGRAHAMers,Dk Blue Pod 4 - Rm 1707,300,215,300,215,260,,,,
268,42,42nd,65319,DCADS Robo Cubs,Purple Pod 6 - Rm 1709,290,240,290,205,265,,,,
268,43,43rd,61803,Robosaurs,Red Pod 2 - Rm 1705,290,290,235,220,240,,,,
268,44,44th,72540,TBD123,Teal Blue Pod 7 - Rm 1710,280,195,270,280,195,,,,
268,45,45th,60996,VortexMasterminds,Dk Blue Pod 4 - Rm 1707,275,205,225,225,275,,,,
268,46,46th,72044,Earth Giants,Dk Blue Pod 4 - Rm 1707,260,205,165,250,260,,,,
268,47,47th,60502,CodeBreakerz,Dk Blue Pod 4 - Rm 1707,255,215,255,215,255,,,,
268,48,48th,67150,Coding Ninjas,Teal Blue Pod 7 - Rm 1710,250,190,250,245,155,,,,
268,49,49th,52943,Digital Dolphins GREEN TEAM,Gray Pod 8 - Rm 1711,245,220,80,245,240,,,,
268,50,50th,71128,MidKnight Marvels,Orange Pod 5 - Rm 1708,240,185,135,165,240,,,,
268,51,51st,17493,17493,Green Pod 3 - Rm 1706,225,200,160,145,225,,,,
268,52,52nd,60354,Helios Suns,Green Pod 3 - Rm 1706,205,165,135,205,165,,,,
268,53,53rd,17492,17492,Red Pod 2 - Rm 1705,175,85,135,125,175,,,,
268,54,54th,65287,RoboWizards7,Green Pod 3 - Rm 1706,165,130,135,165,155,,,,
269,1,1st,60037,BuilderBots,Red Pod 2,420,420,345,375,,,,,
269,2,2nd,69015,QR Codes,Red Pod 2,365,365,260,295,,,,,
269,3,3rd,71344,Cheez Puffer Fish,Red Pod 2,330,290,330,210,,,,,
269,4,4th,71772,Team 4,Yellow Pod 1,315,295,290,315,,,,,
269,5,5th,61351,RRR Rockets,Green Pod 3,310,310,300,280,,,,,
269,6,6th,75126,Brain Bot,Yellow Pod 1,310,270,310,260,,,,,
269,7,7th,72994,Bone Appetit,Yellow Pod 1,310,310,235,270,,,,,
269,8,8th,75146,Brickbots-spring,Red Pod 2,300,300,185,200,,,,,
269,9,9th,66894,Dusty Diggers,Yellow Pod 1,295,295,275,195,,,,,
269,10,10th,72699,GearGirls,Red Pod 2,270,205,270,225,,,,,
269,11,11th,69238,The Commas,Green Pod 3,255,225,255,225,,,,,
269,12,12th,72963,CodeBreakers,Green Pod 3,250,175,250,235,,,,,
269,13,13th,69572,Hydro Hackers,Yellow Pod 1,240,230,240,225,,,,,
269,14,14th,71771,QR Team 3,Green Pod 3,215,190,205,215,,,,,
269,15,15th,72999,Eagle Eyes,Red Pod 2,195,125,195,145,,,,,
269,16,16th,75124,FKS Robotics,Green Pod 3,115,85,75,115,,,,,
269,17,17th,75149,EML Tigers,Green Pod 3,100,65,100,85,,,,,
269,,,8445,Ray - Prev UMT,Yellow Pod 1,0,,,,,,,,
270,1,1st,70885,IJAVVE #2,GREEN POD 3,370,265,370,280,,,,,
270,2,2nd,75065,Cyber Cats,GREEN POD 3,320,235,320,285,,,,,
270,3,3rd,67736,The Anonymous Raptors,YELLOW POD 1,300,185,300,295,,,,,
270,4,4th,72342,The 4 Sigmas,YELLOW POD 1,245,180,240,245,,,"Extremely polite behavior, courteous to each other despite some fails",,
270,5,5th,66668,Springer Legonauts,YELLOW POD 1,205,180,205,115,,,,,
270,6,6th,60981,TechPython,GREEN POD 3,205,205,160,170,,,,,
270,7,7th,72259,Earthquakers,RED POD 2,195,195,185,180,,,,,
270,8,8th,73865,TIRO-SV-C05,YELLOW POD 1,180,160,180,160,,They were warned to not argue,,,
270,9,9th,73863,TIRO-SV-C03,GREEN POD 3,180,140,115,180,,,,,
270,10,10th,73864,TIRO-SV-C04,RED POD 2,170,105,170,150,,,,,
270,11,11th,71269,Coding Crusaders,RED POD 2,170,140,135,170,,"Lack of gp, conflicts within the team during matches",,,
270,12,12th,74210,Skywalker,RED POD 2,125,65,85,125,,,,,
271,1,1st,69947,Fossilbot,YELLOW POD 1,340,265,340,290,,,,"Extremely motivational to all of their own team members, noticeably more collective in their efforts and very encouraging, even if things don't go their way",
271,2,2nd,59278,Quantum Bricks,YELLOW POD 1,340,340,265,185,,,,,
271,3,3rd,66438,Fearsome 5,YELLOW POD 1,300,250,275,300,,,,,
271,4,4th,56271,Gyraf,GREEN POD 3,275,275,235,245,,,,,
271,5,5th,70727,Lego Legends,RED POD 2,275,275,220,210,,,,,
271,6,6th,72365,Block Builders,YELLOW POD 1,240,175,220,240,,,,,
271,7,7th,67524,Turbo Robos,GREEN POD 3,235,220,235,175,,,,,
271,8,8th,70694,Stocklmeir BrickBots 10,GREEN POD 3,215,195,215,185,,,,,
271,9,9th,71826,Robostein,RED POD 2,205,125,205,195,,,,,
271,,,64714,Archtech,GREEN POD 3,0,,,,,,,,
272,1,1st,70468,Future Finders,RED POD 2,375,305,285,375,,,,,
272,2,2nd,75128,Corrupted Robot,GREEN POD 3,330,165,195,330,,,,,
272,3,3rd,70153,rickroll,YELLOW POD 1,320,165,240,320,,,,,
272,4,4th,60788,Sea Tractor,GREEN POD 3,270,235,270,235,,,,,
272,5,5th,74706,Porky Oinks,RED POD 2,240,240,240,205,,,,,
272,6,6th,68590,Fremont Wizwards,RED POD 2,240,185,240,195,,,,,
272,7,7th,66522,The Placeholders,YELLOW POD 1,210,170,210,160,,,,,
272,8,8th,71033,TechnoTigers,YELLOW POD 1,205,165,205,155,,,,,
272,9,9th,72801,Super Kraken,GREEN POD 3,200,190,200,160,,,"Throw attachment, break mission model",,
272,10,10th,74193,Gear girls ,GREEN POD 3,185,145,170,185,,,,,
272,11,11th,72654,lightsaber,YELLOW POD 1,155,105,105,155,,,,,
272,12,12th,72024,THE CREATORS,RED POD 2,150,45,90,150,,Teammates kept blaming each other,,,
273,1,1st,71515,Lakeport Robo Runners,RED POD 2,375,215,375,305,,,,,
273,2,2nd,70000,Bulldog Bots,RED POD 2,350,290,265,350,,,,,
273,3,3rd,72231,Thunderbird,GREEN POD 3,270,265,225,270,,,,,
273,4,4th,72279,Team Dory ,GREEN POD 3,250,230,180,250,,,,,
273,5,5th,71848,Brainy Bricksters,YELLOW POD 1,245,210,135,245,,,,,
273,6,6th,74290,Fossil hunters,YELLOW POD 1,220,200,160,220,,,,,
273,7,7th,65321,DCADS Astro Cubs,RED POD 2,200,175,105,200,,,,,
273,8,8th,71714,RoboStars,GREEN POD 3,190,190,145,190,,,,,
273,9,9th,71017,Alamo 5th Grade Lego Team,RED POD 2,180,160,180,180,,,,,
273,10,10th,71706,Sabercats1,YELLOW POD 1,155,110,150,155,,,,,
273,11,11th,74111,Argon 6-7,YELLOW POD 1,135,130,70,135,,,,,
273,12,12th,74480,WARPSPEEDERS,GREEN POD 3,130,70,130,125,,,,,
274,1,1st,74293,ctrl-alt-build,Yellow Pod 1,395,395,275,325,,They congratulated the other team .,,,
274,2,2nd,59559,Hillviewnauts,Red Pod 2,380,295,335,380,,,,,
274,3,3rd,71748,Golden Gears,Yellow Pod 1,335,275,335,300,,,They were chanting positivity.,,
274,4,4th,74190,Vulcan,Yellow Pod 1,300,205,300,290,,,,,
274,5,5th,72210,Robotics Masters ,Red Pod 2,255,240,225,255,,,,They had chanting.,
274,6,6th,71427,Shark Masters,Green Pod 3,240,190,240,230,,,,,
274,7,7th,72400,ANA,Yellow Pod 1,240,200,170,240,,They sang encouragement,Cheering each other on the whole time,,
274,8,8th,67678,RoboSquad,Red Pod 2,220,220,115,210,,,,,
274,9,9th,68174,Sundrop Robotics - Albany,Green Pod 3,215,130,215,175,,,Supportive cheering from the team.,,
274,10,10th,74976,MSJE Robotics,Red Pod 2,205,115,205,185,,,,,
274,11,11th,75025,Pleasanton Panthers,Green Pod 3,205,205,180,135,,,,,
274,12,12th,74137,Lego Champions,Yellow Pod 1,175,175,150,170,,,,,
274,13,13th,75165,TVSC Robotics,Yellow Pod 1,175,155,50,175,,,,,
274,14,14th,72684,ThunderBots,Green Pod 3,175,140,175,100,,,,,
274,15,15th,75020,TechTitans#1,Red Pod 2,165,165,160,125,,,,,
274,16,16th,73127,NextGen Diggers,Green Pod 3,155,75,115,155,,,,Team chanting.,
274,17,17th,73862,TIRO-SV-C02,Green Pod 3,145,95,145,135,,,,,
274,18,18th,75064,Dolphin1,Red Pod 2,110,110,95,110,,,,,
278,1,1st,72683,Team Samurai,YELLOW POD 1,325,115,325,210,,,,,
278,2,2nd,71984,Lego Llamas,RED POD 2,320,240,250,320,,,,,
278,3,3rd,73045,Archeo Tech,YELLOW POD 1,265,165,265,195,,,,,
278,4,4th,72039,FLL Folsom Challenge team,YELLOW POD 1,240,225,230,240,,,,,
278,5,5th,74935,FLL-A3SI,RED POD 2,210,100,210,150,,,,,
278,6,6th,4506,Techno Cavs,YELLOW POD 1,205,205,205,190,,,,,
278,7,7th,59922,Baxter's Builders,RED POD 2,195,145,195,145,,,,,
278,8,8th,73742,Sphere Scavengers,RED POD 2,160,140,140,160,,,,,
278,9,9th,73217,FLEAS: Fuzzy Little Evil Animals Squadron,YELLOW POD 1,110,85,110,80,,,,,
280,1,1st,73373,The Sigmas,YELLOW POD 1,240,200,220,240,,,,,
280,2,2nd,75134,Muir Spring Team,YELLOW POD 1,215,155,165,215,,,,,
280,3,3rd,75162,TNT Crew (SP),RED POD 2,210,210,105,185,,,,,
280,4,4th,75160,NinjaBots (SP),RED POD 2,195,70,145,195,,,,,
280,5,5th,72419,RoboRangers,YELLOW POD 1,170,115,170,135,,,,,
280,6,6th,57290,Cyberspace Crusader,YELLOW POD 1,160,150,160,160,,,,,
280,7,7th,75159,Build Guild (SP),RED POD 2,155,155,135,145,,,,,
280,8,8th,75136,Dig It,RED POD 2,150,145,150,130,,,,,
280,9,9th,75163,Master Builders (SP),RED POD 2,145,145,130,115,,,Very downplaying the others,,
280,10,10th,75135,Robotic Dragons,YELLOW POD 1,125,125,65,105,,,,,
280,11,11th,75161,Energized Smarty Pants (SP),RED POD 2,115,80,115,100,,Bickering and shouting a lot,,,
280,12,12th,59995,Bricks you step on ,YELLOW POD 1,105,55,80,105,,,,,
